,date,iod
0,1992-10-04,-0.844694
1,1992-10-11,-1.089122
2,1992-10-18,-1.279551
3,1992-10-25,-1.482551
4,1992-11-01,-1.147044
5,1992-11-08,-1.049548
6,1992-11-15,-0.969575
7,1992-11-22,-0.968241
8,1992-11-29,-0.98765
9,1992-12-06,-1.149368
10,1992-12-13,-1.201033
11,1992-12-20,-0.868927
12,1992-12-27,-0.414088
13,1993-01-04,-0.38542
14,1993-01-11,-0.04604
15,1993-01-17,0.09996
16,1993-01-24,-0.00356
17,1993-01-31,-0.232526
18,1993-02-08,-0.001366
19,1993-02-15,0.117857
20,1993-02-22,0.015253
21,1993-02-28,0.099712
22,1993-03-07,0.037478
23,1993-03-15,-0.002405
24,1993-03-22,-0.185975
25,1993-03-29,-0.364506
26,1993-04-04,-0.149654
27,1993-04-11,-0.263125
28,1993-04-18,-0.349659
29,1993-04-26,-0.376883
30,1993-05-03,0.176441
31,1993-05-10,-0.062764
32,1993-05-16,-0.041534
33,1993-05-23,-0.063418
34,1993-05-30,-0.048461
35,1993-06-07,-0.010272
36,1993-06-14,-0.052189
37,1993-06-21,0.103946
38,1993-06-27,0.341453
39,1993-07-04,0.210232
40,1993-07-12,0.226699
41,1993-07-19,0.249582
42,1993-07-26,-0.19397
43,1993-08-01,-0.912772
44,1993-08-08,-0.830468
45,1993-08-15,-0.460214
46,1993-08-23,-0.207916
47,1993-08-30,-0.110892
48,1993-09-06,-0.306109
49,1993-09-12,-0.481074
50,1993-09-19,-0.35082
51,1993-09-26,-0.358532
52,1993-10-04,-0.302847
53,1993-10-11,-0.45301
54,1993-10-17,-0.447995
55,1993-10-24,-0.403623
56,1993-10-31,0.077793
57,1993-11-08,-0.017747
58,1993-11-15,-0.197918
59,1993-11-22,-0.624629
60,1993-11-28,-0.895645
61,1993-12-05,-1.0391
62,1993-12-12,-1.086993
63,1993-12-20,-1.123446
64,1993-12-27,-1.028901
65,1994-01-03,-1.258053
66,1994-01-09,-0.919042
67,1994-01-16,-0.589354
68,1994-01-24,-0.456501
69,1994-01-31,-0.254652
70,1994-02-07,-0.548045
71,1994-02-13,-0.625197
72,1994-02-20,-0.586848
73,1994-02-27,-0.722751
74,1994-03-07,-0.583142
75,1994-03-14,-0.463871
76,1994-03-21,-0.45324
77,1994-03-27,-0.617506
78,1994-04-03,-0.214725
79,1994-04-10,-0.222493
80,1994-04-18,-0.216607
81,1994-04-25,-0.048101
82,1994-05-01,0.552095
83,1994-05-08,0.542666
84,1994-05-15,0.696883
85,1994-05-23,0.730372
86,1994-05-30,0.841854
87,1994-06-06,1.115868
88,1994-06-12,1.125801
89,1994-06-19,0.931049
90,1994-06-26,0.808357
91,1994-07-04,0.455071
92,1994-07-11,0.801432
93,1994-07-18,1.289835
94,1994-07-24,1.728613
95,1994-07-31,1.331625
96,1994-08-07,1.157836
97,1994-08-15,1.1948
98,1994-08-22,1.453853
99,1994-08-28,1.627652
100,1994-09-04,1.589203
101,1994-09-11,1.575964
102,1994-09-19,1.562868
103,1994-09-26,1.452519
104,1994-10-03,1.536561
105,1994-10-09,1.528577
106,1994-10-16,1.598458
107,1994-10-23,1.588905
108,1994-10-31,1.56941
109,1994-11-07,2.070895
110,1994-11-14,1.954019
111,1994-11-20,1.643047
112,1994-11-27,1.215291
113,1994-12-05,0.924841
114,1994-12-12,0.851182
115,1994-12-19,1.053676
116,1994-12-25,1.458063
117,1995-01-01,1.496643
118,1995-01-08,1.53172
119,1995-01-16,1.471283
120,1995-01-23,1.159343
121,1995-01-30,0.742288
122,1995-02-05,0.115305
123,1995-02-12,0.437041
124,1995-02-19,0.42841
125,1995-02-27,0.518519
126,1995-03-06,0.680894
127,1995-03-12,0.623383
128,1995-03-19,0.557345
129,1995-03-26,0.366612
130,1995-04-03,0.584183
131,1995-04-10,0.212886
132,1995-04-17,0.073395
133,1995-04-23,0.018497
134,1995-04-30,0.558115
135,1995-05-07,0.412197
136,1995-05-15,-0.104877
137,1995-05-22,-0.304984
138,1995-05-29,-0.085606
139,1995-06-04,0.23573
140,1995-06-11,0.200422
141,1995-06-19,-0.079052
142,1995-06-26,-0.180708
143,1995-07-03,-0.346823
144,1995-07-09,-0.435517
145,1995-07-16,-0.33433
146,1995-07-23,-0.203762
147,1995-07-31,-0.125131
148,1995-08-07,-0.726953
149,1995-08-14,-0.597734
150,1995-08-20,-0.320544
151,1995-08-27,-0.13566
152,1995-09-03,-0.246174
153,1995-09-11,-0.073408
154,1995-09-18,-0.021057
155,1995-09-24,-0.01543
156,1995-10-01,0.076576
157,1995-10-08,-0.175966
158,1995-10-16,-0.364213
159,1995-10-23,-0.403386
160,1995-10-30,-0.593998
161,1995-11-05,-0.591367
162,1995-11-12,-0.915703
163,1995-11-19,-1.384
164,1995-11-27,-1.541669
165,1995-12-11,-0.968706
166,1995-12-17,-0.574593
167,1995-12-24,-0.220289
168,1996-01-01,-0.246983
169,1996-01-07,-0.03068
170,1996-01-14,0.01944
171,1996-01-21,-0.104692
172,1996-01-28,-0.049527
173,1996-02-04,-0.30588
174,1996-02-11,-0.288413
175,1996-02-18,-0.252709
176,1996-02-25,-0.280866
177,1996-03-03,-0.243548
178,1996-03-10,-0.193277
179,1996-03-17,-0.148673
180,1996-03-24,-0.206285
181,1996-03-31,-0.024692
182,1996-04-07,-0.325189
183,1996-04-14,-0.574896
184,1996-04-21,-0.846583
185,1996-04-28,-1.278562
186,1996-05-05,-0.966971
187,1996-05-12,-1.150583
188,1996-05-19,-0.914879
189,1996-05-26,-0.608022
190,1996-06-02,-0.15922
191,1996-06-09,-0.285329
192,1996-06-16,-0.435149
193,1996-06-23,-0.199573
194,1996-06-30,-0.267091
195,1996-07-07,-0.3334
196,1996-07-14,-0.727669
197,1996-07-21,-0.652368
198,1996-07-28,-0.477313
199,1996-08-04,-0.749101
200,1996-08-11,-0.635645
201,1996-08-18,-0.744976
202,1996-08-25,-0.933763
203,1996-09-01,-1.02014
204,1996-09-08,-1.121729
205,1996-09-15,-1.20072
206,1996-09-22,-1.24054
207,1996-09-29,-1.314324
208,1996-10-06,-1.317058
209,1996-10-13,-1.505106
210,1996-10-20,-1.779605
211,1996-10-27,-1.89793
212,1996-11-03,-1.894369
213,1996-11-10,-2.031021
214,1996-11-17,-1.803954
215,1996-11-24,-1.530963
216,1996-12-01,-1.382601
217,1996-12-08,-1.40904
218,1996-12-15,-1.612414
219,1996-12-22,-1.410238
220,1996-12-29,-1.241728
221,1997-01-05,-1.399746
222,1997-01-12,-1.039953
223,1997-01-20,-0.673228
224,1997-01-27,-0.493436
225,1997-02-03,-0.862454
226,1997-02-09,-1.01593
227,1997-02-16,-1.315908
228,1997-02-23,-1.428986
229,1997-03-03,-1.36063
230,1997-03-10,-1.203641
231,1997-03-17,-1.02591
232,1997-03-23,-0.657748
233,1997-03-30,-0.411719
234,1997-04-07,0.238633
235,1997-04-14,0.30939
236,1997-04-21,0.117842
237,1997-04-27,-0.101082
238,1997-05-04,0.268157
239,1997-05-11,-0.283379
240,1997-05-19,-0.850541
241,1997-05-26,-1.146341
242,1997-06-02,-0.903384
243,1997-06-08,-0.485858
244,1997-06-15,-0.068838
245,1997-06-22,0.368225
246,1997-06-30,0.954009
247,1997-07-07,0.920034
248,1997-07-13,0.946558
249,1997-07-20,1.003682
250,1997-07-27,0.759367
251,1997-08-04,0.244081
252,1997-08-11,0.439748
253,1997-08-18,0.80149
254,1997-08-24,0.887171
255,1997-08-31,0.820246
256,1997-09-07,0.78395
257,1997-09-15,0.833818
258,1997-09-22,0.98292
259,1997-09-29,1.319875
260,1997-10-05,1.919385
261,1997-10-12,2.134887
262,1997-10-19,2.51628
263,1997-10-27,2.557878
264,1997-11-03,3.027529
265,1997-11-09,3.264992
266,1997-11-16,3.48539
267,1997-11-23,3.693679
268,1997-12-01,3.912611
269,1997-12-08,4.027305
270,1997-12-15,4.171419
271,1997-12-21,4.163345
272,1997-12-28,3.903708
273,1998-01-04,3.376005
274,1998-01-12,3.182235
275,1998-01-19,3.031789
276,1998-01-26,2.889535
277,1998-02-01,2.502564
278,1998-02-08,2.468741
279,1998-02-16,2.605133
280,1998-02-23,2.545325
281,1998-03-02,2.44221
282,1998-03-08,2.470298
283,1998-03-15,2.394869
284,1998-03-22,2.244948
285,1998-03-30,2.168701
286,1998-04-06,2.411316
287,1998-04-13,1.981741
288,1998-04-19,1.573691
289,1998-04-26,1.133805
290,1998-05-03,1.595165
291,1998-05-11,1.261624
292,1998-05-18,0.462243
293,1998-05-24,-0.330248
294,1998-05-31,-0.690833
295,1998-06-07,-0.6759
296,1998-06-15,-0.556147
297,1998-06-22,-0.468695
298,1998-06-29,-0.304889
299,1998-07-05,-0.30247
300,1998-07-12,-0.229418
301,1998-07-19,-0.33324
302,1998-07-27,-0.449119
303,1998-08-03,-1.148977
304,1998-08-10,-1.119427
305,1998-08-16,-0.902618
306,1998-08-23,-0.939568
307,1998-08-31,-0.808387
308,1998-09-07,-0.976224
309,1998-09-14,-0.804134
310,1998-09-20,-0.865116
311,1998-09-27,-1.367144
312,1998-10-04,-1.605397
313,1998-10-12,-1.718783
314,1998-10-19,-1.468985
315,1998-10-26,-1.500431
316,1998-11-01,-1.452767
317,1998-11-08,-1.86963
318,1998-11-15,-2.18808
319,1998-11-23,-2.239259
320,1998-11-30,-2.099739
321,1998-12-06,-2.047201
322,1998-12-13,-1.877994
323,1998-12-20,-1.744543
324,1998-12-28,-1.843007
325,1999-01-04,-2.124404
326,1999-01-11,-1.949158
327,1999-01-17,-1.766918
328,1999-01-24,-1.916191
329,1999-01-31,-2.302441
330,1999-02-08,-2.438963
331,1999-02-15,-2.251853
332,1999-02-22,-2.044454
333,1999-02-28,-1.927176
334,1999-03-07,-1.700534
335,1999-03-15,-1.640529
336,1999-03-22,-1.749402
337,1999-03-29,-2.189449
338,1999-04-04,-1.967686
339,1999-04-11,-2.220444
340,1999-04-18,-2.585797
341,1999-04-26,-2.657518
342,1999-05-03,-1.998126
343,1999-05-10,-1.642224
344,1999-05-16,-1.363717
345,1999-05-23,-1.271943
346,1999-05-30,-1.186715
347,1999-06-07,-0.776717
348,1999-06-14,-0.729448
349,1999-06-21,-0.512024
350,1999-06-27,-0.053563
351,1999-07-04,-0.197917
352,1999-07-12,-0.06039
353,1999-07-19,-0.115215
354,1999-07-26,-0.385025
355,1999-08-01,-0.995296
356,1999-08-08,-0.909786
357,1999-08-15,-0.824468
358,1999-08-23,-0.651097
359,1999-08-30,-0.548953
360,1999-09-06,-0.708762
361,1999-09-12,-0.511843
362,1999-09-19,-0.501141
363,1999-09-26,-0.50935
364,1999-10-04,-0.459049
365,1999-10-11,-0.543071
366,1999-10-17,-0.893732
367,1999-10-24,-1.265905
368,1999-10-31,-1.014385
369,1999-11-08,-1.09866
370,1999-11-15,-1.069846
371,1999-11-22,-0.86672
372,1999-11-28,-0.672183
373,1999-12-05,-0.671475
374,1999-12-12,-0.898499
375,1999-12-20,-0.998014
376,1999-12-27,-1.059803
377,2000-01-02,-1.345275
378,2000-01-09,-1.335882
379,2000-01-16,-1.031894
380,2000-01-23,-0.902522
381,2000-01-30,-0.934558
382,2000-02-06,-1.329493
383,2000-02-13,-1.493682
384,2000-02-20,-1.758698
385,2000-02-27,-1.751919
386,2000-03-05,-1.930853
387,2000-03-12,-1.944278
388,2000-03-19,-2.017699
389,2000-03-26,-2.158319
390,2000-04-02,-1.666004
391,2000-04-09,-1.78281
392,2000-04-16,-1.984812
393,2000-04-23,-2.321359
394,2000-04-30,-1.961076
395,2000-05-07,-1.970468
396,2000-05-14,-1.825644
397,2000-05-21,-1.480194
398,2000-05-28,-1.263341
399,2000-06-04,-1.149063
400,2000-06-11,-1.152493
401,2000-06-18,-1.138654
402,2000-06-25,-1.188186
403,2000-07-02,-1.559286
404,2000-07-09,-1.680919
405,2000-07-16,-1.450152
406,2000-07-23,-1.274272
407,2000-07-30,-1.160126
408,2000-08-06,-1.777931
409,2000-08-13,-1.759855
410,2000-08-20,-1.838703
411,2000-08-27,-1.796803
412,2000-09-03,-1.838569
413,2000-09-10,-1.545171
414,2000-09-17,-1.107451
415,2000-09-24,-0.850297
416,2000-10-01,-0.725226
417,2000-10-08,-0.761553
418,2000-10-15,-0.896044
419,2000-10-22,-1.329006
420,2000-10-29,-1.286258
421,2000-11-05,-0.90674
422,2000-11-12,-0.893032
423,2000-11-19,-0.930663
424,2000-11-26,-1.294897
425,2000-12-03,-1.338886
426,2000-12-10,-1.293032
427,2000-12-17,-1.190024
428,2000-12-24,-1.235185
429,2001-01-01,-1.707411
430,2001-01-08,-1.717981
431,2001-01-15,-1.590394
432,2001-01-21,-1.302603
433,2001-01-28,-1.266687
434,2001-02-04,-1.594006
435,2001-02-12,-1.586801
436,2001-02-19,-1.688038
437,2001-02-26,-1.583952
438,2001-03-04,-1.366968
439,2001-03-11,-1.32882
440,2001-03-18,-1.324264
441,2001-03-26,-1.118847
442,2001-04-02,-0.813617
443,2001-04-09,-0.995811
444,2001-04-15,-1.014275
445,2001-04-22,-1.056799
446,2001-04-30,-1.230574
447,2001-05-07,-1.028916
448,2001-05-14,-1.115693
449,2001-05-20,-1.076285
450,2001-05-27,-0.929916
451,2001-06-03,-0.673438
452,2001-06-11,-0.739233
453,2001-06-18,-0.788176
454,2001-06-25,-0.695055
455,2001-07-01,-1.038281
456,2001-07-08,-0.979287
457,2001-07-15,-0.793674
458,2001-07-23,-0.654361
459,2001-07-30,-0.848926
460,2001-08-05,-1.430864
461,2001-08-12,-1.418113
462,2001-08-19,-1.147735
463,2001-08-27,-0.91896
464,2001-09-03,-1.06046
465,2001-09-10,-0.920375
466,2001-09-16,-0.996464
467,2001-09-23,-0.941607
468,2001-09-30,-0.772321
469,2001-10-08,-1.178204
470,2001-10-15,-1.432036
471,2001-10-22,-1.252536
472,2001-10-28,-1.175483
473,2001-11-04,-0.838626
474,2001-11-12,-0.900944
475,2001-11-19,-1.257515
476,2001-11-26,-1.704681
477,2001-12-02,-1.685012
478,2001-12-09,-1.584494
479,2001-12-16,-1.259894
480,2001-12-24,-0.925296
481,2001-12-31,-0.446078
482,2002-01-07,-0.222678
483,2002-01-13,0.124722
484,2002-01-20,0.21375
485,2002-01-27,0.01192
486,2002-02-04,-0.550139
487,2002-02-11,-0.724016
488,2002-02-17,-0.523265
489,2002-02-24,-0.548983
490,2002-03-03,-0.466909
491,2002-03-11,-0.233213
492,2002-03-18,-0.055499
493,2002-03-25,-0.151923
494,2002-03-31,0.119763
495,2002-04-07,-0.024738
496,2002-04-14,-0.206804
497,2002-04-22,-0.270448
498,2002-04-29,-0.435736
499,2002-05-06,-0.416613
500,2002-05-12,-0.971654
501,2002-05-19,-1.174493
502,2002-05-27,-1.266429
503,2002-06-03,-0.86593
504,2002-06-10,-0.742359
505,2002-06-16,-0.819583
506,2002-06-23,-0.975701
507,2002-06-30,-1.122102
508,2002-07-08,-1.106867
509,2002-07-15,-1.071782
510,2002-07-22,-1.119717
511,2002-07-28,-0.911558
512,2002-08-04,-1.172727
513,2002-08-11,-0.999085
514,2002-08-19,-0.666274
515,2002-08-26,-0.531439
516,2002-09-02,-0.687147
517,2002-09-08,-0.766549
518,2002-09-15,-0.538397
519,2002-09-23,-0.140769
520,2002-09-30,-0.174107
521,2002-10-07,0.026352
522,2002-10-13,-0.123188
523,2002-10-20,-0.194118
524,2002-10-27,-0.139172
525,2002-11-04,0.272324
526,2002-11-11,0.45441
527,2002-11-18,0.253077
528,2002-11-24,-0.079209
529,2002-12-01,-0.224215
530,2002-12-08,-0.08305
531,2002-12-16,0.406213
532,2002-12-23,0.670202
533,2002-12-29,0.366883
534,2003-01-05,-0.226767
535,2003-01-12,0.061718
536,2003-01-20,0.499657
537,2003-01-27,0.806041
538,2003-02-03,0.499913
539,2003-02-09,0.391902
540,2003-02-16,0.406568
541,2003-02-23,0.351391
542,2003-03-03,0.262867
543,2003-03-10,0.103081
544,2003-03-17,0.173111
545,2003-03-23,0.298267
546,2003-03-30,0.317036
547,2003-04-07,0.840011
548,2003-04-14,0.653642
549,2003-04-21,0.460539
550,2003-04-27,0.168833
551,2003-05-04,0.227136
552,2003-05-11,-0.470296
553,2003-05-19,-0.85624
554,2003-05-26,-0.795078
555,2003-06-02,-0.245257
556,2003-06-08,0.268497
557,2003-06-15,0.613786
558,2003-06-22,0.907159
559,2003-06-30,0.888739
560,2003-07-07,0.539765
561,2003-07-13,0.546713
562,2003-07-20,0.667999
563,2003-07-27,0.594419
564,2003-08-04,0.169308
565,2003-08-11,0.185234
566,2003-08-18,-0.062922
567,2003-08-24,-0.250969
568,2003-08-31,-0.568498
569,2003-09-07,-0.401307
570,2003-09-15,-0.181723
571,2003-09-22,-0.082853
572,2003-09-29,-0.061774
573,2003-10-05,-0.262652
574,2003-10-12,-0.636029
575,2003-10-19,-0.781787
576,2003-10-27,-0.724246
577,2003-11-03,-0.457342
578,2003-11-09,-0.471962
579,2003-11-16,-0.665846
580,2003-12-01,-1.010606
581,2003-12-08,-0.91359
582,2003-12-15,-0.685829
583,2003-12-21,-0.463384
584,2003-12-28,-0.276787
585,2004-01-04,-0.377981
586,2004-01-11,0.084515
587,2004-01-18,0.60376
588,2004-01-25,0.883771
589,2004-02-01,0.639205
590,2004-02-08,0.526027
591,2004-02-15,0.403937
592,2004-02-22,0.381157
593,2004-02-29,0.307224
594,2004-03-07,-0.018932
595,2004-03-14,-0.348806
596,2004-03-21,-0.473103
597,2004-03-28,-0.667802
598,2004-04-04,-0.133281
599,2004-04-11,0.045677
600,2004-04-18,-0.001637
601,2004-04-25,-0.252172
602,2004-05-02,-0.127367
603,2004-05-09,-0.834259
604,2004-05-16,-1.195974
605,2004-05-23,-1.455526
606,2004-05-30,-1.535667
607,2004-06-06,-1.265612
608,2004-06-13,-1.234525
609,2004-06-20,-0.999246
610,2004-06-27,-0.795698
611,2004-07-04,-1.01249
612,2004-07-11,-0.906612
613,2004-07-18,-0.724511
614,2004-07-25,-0.514384
615,2004-08-01,-0.933512
616,2004-08-08,-0.647241
617,2004-08-15,-0.351084
618,2004-08-22,-0.15389
619,2004-08-29,-0.179772
620,2004-09-05,-0.697295
621,2004-09-12,-0.586292
622,2004-09-19,-0.270645
623,2004-09-26,-0.284952
624,2004-10-03,-0.274122
625,2004-10-10,-0.444653
626,2004-10-17,-0.384887
627,2004-10-24,-0.3342
628,2004-10-31,-0.04309
629,2004-11-07,-0.310698
630,2004-11-14,-0.55804
631,2004-11-21,-0.503477
632,2004-11-28,-0.428507
633,2004-12-05,-0.100356
634,2004-12-12,0.046862
635,2004-12-19,0.247259
636,2004-12-26,0.382991
637,2005-01-03,-0.096554
638,2005-01-09,-0.182599
639,2005-01-16,-0.226001
640,2005-01-24,-0.109384
641,2005-01-31,-0.004577
642,2005-02-07,-0.107064
643,2005-02-13,-0.016722
644,2005-02-20,0.226353
645,2005-02-27,0.524143
646,2005-03-07,0.859545
647,2005-03-14,1.009606
648,2005-03-21,0.818162
649,2005-03-27,0.630967
650,2005-04-03,0.696324
651,2005-04-10,0.362249
652,2005-04-18,0.279912
653,2005-04-25,0.140544
654,2005-05-01,0.55554
655,2005-05-08,0.353274
656,2005-05-15,0.057365
657,2005-05-23,-0.171094
658,2005-05-30,-0.253578
659,2005-06-06,-0.097704
660,2005-06-12,-0.345563
661,2005-06-19,-0.495348
662,2005-06-26,-0.500431
663,2005-07-04,-0.393617
664,2005-07-11,-0.229353
665,2005-07-18,-0.306393
666,2005-07-24,-0.32905
667,2005-07-31,-0.449869
668,2005-08-07,-0.172547
669,2005-08-15,0.020096
670,2005-08-22,0.190768
671,2005-08-28,0.003264
672,2005-09-04,-0.439962
673,2005-09-11,-0.77084
674,2005-09-19,-0.654457
675,2005-10-03,-0.365271
676,2005-10-09,-0.548807
677,2005-10-16,-0.923243
678,2005-10-23,-1.354665
679,2005-10-31,-1.595731
680,2005-11-07,-1.587035
681,2005-11-14,-1.659802
682,2005-11-20,-1.546422
683,2005-11-27,-1.30704
684,2005-12-05,-1.166447
685,2005-12-12,-1.237632
686,2005-12-19,-1.453817
687,2005-12-25,-1.462647
688,2006-01-01,-1.587418
689,2006-01-08,-1.210096
690,2006-01-16,-0.936334
691,2006-01-23,-0.737468
692,2006-01-30,-0.768594
693,2006-02-05,-0.973644
694,2006-02-12,-0.748365
695,2006-02-19,-0.40764
696,2006-02-27,-0.491343
697,2006-03-06,-0.324886
698,2006-03-12,-0.28493
699,2006-03-19,-0.610791
700,2006-03-26,-0.803742
701,2006-04-03,-0.397032
702,2006-04-10,-0.394684
703,2006-04-17,-0.635431
704,2006-04-23,-0.816436
705,2006-04-30,-0.348416
706,2006-05-07,-0.451451
707,2006-05-15,-0.526199
708,2006-05-22,-0.344349
709,2006-05-29,-0.244928
710,2006-06-04,0.103052
711,2006-06-11,0.222772
712,2006-06-19,0.511217
713,2006-06-26,0.533674
714,2006-07-03,0.176726
715,2006-07-09,0.231083
716,2006-07-16,0.114277
717,2006-07-23,-0.038712
718,2006-07-31,0.094775
719,2006-08-07,-0.033166
720,2006-08-14,0.470664
721,2006-08-20,0.762882
722,2006-08-27,1.033908
723,2006-09-03,0.921736
724,2006-09-11,0.724427
725,2006-09-18,0.668973
726,2006-09-24,0.623015
727,2006-10-01,0.650452
728,2006-10-08,0.706337
729,2006-10-16,0.936196
730,2006-10-23,1.33908
731,2006-10-30,1.32316
732,2006-11-19,2.123593
733,2006-11-27,2.193268
734,2006-12-04,2.345777
735,2006-12-11,2.403806
736,2006-12-17,2.318474
737,2006-12-24,2.207007
738,2007-01-01,1.586466
739,2007-01-08,1.338531
740,2007-01-15,1.418253
741,2007-01-21,1.558542
742,2007-01-28,1.474273
743,2007-02-04,1.1633
744,2007-02-12,1.20601
745,2007-02-19,1.181387
746,2007-02-26,1.166903
747,2007-03-04,1.195787
748,2007-03-11,1.018125
749,2007-03-18,1.071272
750,2007-03-26,0.997409
751,2007-04-02,1.195038
752,2007-04-09,0.776049
753,2007-04-15,0.27586
754,2007-04-22,-0.167604
755,2007-04-30,-0.333636
756,2007-05-07,0.017257
757,2007-05-14,-0.01616
758,2007-05-20,0.073961
759,2007-05-27,0.286933
760,2007-06-03,0.866735
761,2007-06-11,1.075393
762,2007-06-18,1.077757
763,2007-06-25,0.901853
764,2007-07-01,0.493647
765,2007-07-08,0.368916
766,2007-07-15,0.449419
767,2007-07-23,0.422757
768,2007-07-30,0.202194
769,2007-08-05,-0.224115
770,2007-08-12,0.03229
771,2007-08-19,0.253858
772,2007-08-27,0.420456
773,2007-09-03,0.366863
774,2007-09-10,0.537502
775,2007-09-16,0.497742
776,2007-09-23,0.489945
777,2007-09-30,0.874155
778,2007-10-08,0.700986
779,2007-10-15,0.624147
780,2007-10-22,0.455913
781,2007-10-28,0.145428
782,2007-11-04,0.105329
783,2007-11-12,-0.244045
784,2007-11-19,-0.410499
785,2007-11-26,-0.341851
786,2007-12-02,-0.197638
787,2007-12-09,-0.021765
788,2007-12-16,-0.38646
789,2007-12-24,-0.843729
790,2007-12-31,-1.009755
791,2008-01-06,-1.184313
792,2008-01-13,-0.779873
793,2008-01-20,-0.490607
794,2008-01-27,-0.234829
795,2008-02-03,-0.954707
796,2008-02-10,-1.435947
797,2008-02-17,-1.348614
798,2008-02-24,-1.258743
799,2008-03-02,-1.203813
800,2008-03-09,-1.386748
801,2008-03-16,-1.520783
802,2008-03-23,-1.902327
803,2008-03-30,-1.961244
804,2008-04-06,-1.609389
805,2008-04-13,-1.761364
806,2008-04-20,-1.758829
807,2008-04-27,-2.05916
808,2008-05-04,-1.234598
809,2008-05-11,-0.693182
810,2008-05-18,-0.397138
811,2008-05-25,0.045506
812,2008-06-01,0.574715
813,2008-06-08,0.716794
814,2008-06-15,0.781032
815,2008-06-22,0.763303
816,2008-06-29,0.813022
817,2008-07-06,0.69744
818,2008-07-13,0.805647
819,2008-07-20,0.541223
820,2008-07-27,0.41889
821,2008-08-03,-0.261788
822,2008-08-10,-0.258141
823,2008-08-17,-0.04952
824,2008-08-24,0.007231
825,2008-08-31,-0.328592
826,2008-09-07,-0.48906
827,2008-09-14,-0.542666
828,2008-09-21,-0.372329
829,2008-09-28,-0.223569
830,2008-10-05,-0.033185
831,2008-10-12,-0.036916
832,2008-10-19,-0.305404
833,2008-10-26,-0.546131
834,2008-11-02,-0.450179
835,2008-11-09,-0.551793
836,2008-11-16,-0.669543
837,2008-11-23,-0.981085
838,2008-11-30,-0.832802
839,2008-12-07,-0.930981
840,2008-12-14,-0.923171
841,2008-12-21,-0.691361
842,2008-12-28,-0.560781
843,2009-01-04,-0.795655
844,2009-01-12,-0.407263
845,2009-01-19,-0.055111
846,2009-01-26,0.185554
847,2009-02-01,-0.033897
848,2009-02-08,0.015279
849,2009-02-16,0.042541
850,2009-02-23,0.091289
851,2009-03-02,0.036625
852,2009-03-08,-0.233305
853,2009-03-15,-0.356115
854,2009-03-22,-0.468144
855,2009-03-30,-0.436769
856,2009-04-06,0.099899
857,2009-04-13,-0.195055
858,2009-04-19,-0.717213
859,2009-04-26,-1.003067
860,2009-05-03,-0.377183
861,2009-05-11,-0.252341
862,2009-05-18,-0.170845
863,2009-05-24,-0.398947
864,2009-05-31,-0.398455
865,2009-06-07,-0.480287
866,2009-06-15,-0.326409
867,2009-06-22,-0.095403
868,2009-06-29,0.162083
869,2009-07-05,-0.122253
870,2009-07-12,0.003959
871,2009-07-19,0.274846
872,2009-07-27,0.513794
873,2009-08-03,0.097007
874,2009-08-10,0.065886
875,2009-08-16,-0.307471
876,2009-08-23,-0.457748
877,2009-08-31,-0.401871
878,2009-09-07,-0.386672
879,2009-09-14,-0.201654
880,2009-09-20,-0.295215
881,2009-09-27,-0.49724
882,2009-10-04,-0.318203
883,2009-10-12,-0.267609
884,2009-10-19,-0.20131
885,2009-10-26,-0.040204
886,2009-11-01,0.329612
887,2009-11-08,0.338163
888,2009-11-15,-0.15335
889,2009-11-23,-0.445907
890,2009-11-30,-0.539384
891,2009-12-06,-0.406484
892,2009-12-13,-0.275325
893,2009-12-20,-0.091786
894,2009-12-28,0.010483
895,2010-01-04,-0.419708
896,2010-01-11,-0.495894
897,2010-01-17,-0.391941
898,2010-01-24,-0.154522
899,2010-01-31,-0.06968
900,2010-02-08,0.314252
901,2010-02-15,0.716881
902,2010-02-22,0.821374
903,2010-02-28,0.850804
904,2010-03-07,0.704731
905,2010-03-15,0.508803
906,2010-03-22,0.180946
907,2010-03-29,0.04062
908,2010-04-04,0.302728
909,2010-04-11,0.097368
910,2010-04-18,-0.146493
911,2010-04-26,-0.253145
912,2010-05-03,0.456885
913,2010-05-10,0.338622
914,2010-05-16,-0.020739
915,2010-05-23,-0.352927
916,2010-05-30,-0.246018
917,2010-06-07,0.136198
918,2010-06-14,0.401894
919,2010-06-21,0.582855
920,2010-06-27,0.767772
921,2010-07-04,0.228775
922,2010-07-12,-0.001532
923,2010-07-19,-0.02381
924,2010-07-26,0.048585
925,2010-08-01,-0.509921
926,2010-08-08,-0.601894
927,2010-08-15,-0.785164
928,2010-08-23,-1.071003
929,2010-08-30,-1.26005
930,2010-09-06,-1.280225
931,2010-09-12,-1.17982
932,2010-09-19,-1.314154
933,2010-09-26,-1.607499
934,2010-10-04,-1.95236
935,2010-10-11,-2.147007
936,2010-10-17,-2.302347
937,2010-10-24,-2.249313
938,2010-10-31,-1.920119
939,2010-11-08,-2.070899
940,2010-11-15,-2.122989
941,2010-11-22,-2.19094
942,2010-11-28,-2.332176
943,2010-12-05,-2.559066
944,2010-12-12,-2.667018
945,2010-12-20,-2.759646
946,2010-12-27,-2.831777
947,2011-01-03,-3.288799
948,2011-01-09,-3.343835
949,2011-01-16,-3.230571
950,2011-01-24,-2.806596
951,2011-01-31,-2.279606
952,2011-02-07,-2.501519
953,2011-02-13,-2.334028
954,2011-02-20,-2.14864
955,2011-02-27,-2.024776
956,2011-03-07,-1.989795
957,2011-03-14,-2.036935
958,2011-03-21,-2.229736
959,2011-03-27,-2.106488
960,2011-04-03,-1.602918
961,2011-04-10,-1.686513
962,2011-04-18,-1.590525
963,2011-04-25,-1.448443
964,2011-05-01,-1.135234
965,2011-05-08,-1.142556
966,2011-05-15,-1.212772
967,2011-05-23,-1.027071
968,2011-05-30,-0.835774
969,2011-06-06,-0.5658
970,2011-06-12,-0.233585
971,2011-06-19,0.058722
972,2011-06-26,0.124976
973,2011-07-04,-0.144314
974,2011-07-11,-0.402661
975,2011-07-18,-0.505705
976,2011-07-24,-0.232014
977,2011-07-31,-0.420734
978,2011-08-07,-0.096917
979,2011-08-15,0.084954
980,2011-08-22,0.30419
981,2011-08-28,0.507484
982,2011-09-04,0.581806
983,2011-09-11,0.674401
984,2011-09-19,0.579458
985,2011-09-26,0.468781
986,2011-10-03,0.547741
987,2011-10-09,0.366499
988,2011-10-16,0.470122
989,2011-10-23,0.554467
990,2011-10-31,0.423337
991,2011-11-07,0.604663
992,2011-11-14,0.641592
993,2011-11-20,0.66964
994,2011-11-27,0.626844
995,2011-12-05,0.421152
996,2011-12-12,-0.011297
997,2011-12-19,-0.251228
998,2011-12-25,-0.547541
999,2012-01-01,-1.14932
1000,2012-01-08,-1.169752
1001,2012-01-15,-0.991317
1002,2012-01-22,-0.762916
1003,2012-01-29,-0.557889
1004,2012-02-05,-0.732972
1005,2012-02-12,-0.326801
1006,2012-02-19,-0.363663
1007,2012-02-26,-0.522409
1008,2012-03-04,-0.705634
1009,2012-03-11,-1.157043
1010,2012-03-18,-1.533239
1011,2012-03-25,-1.58581
1012,2012-04-01,-0.993964
1013,2012-04-08,-0.92529
1014,2012-04-15,-0.893164
1015,2012-04-22,-0.981471
1016,2012-04-29,-1.313942
1017,2012-05-06,-0.802206
1018,2012-05-13,-0.845155
1019,2012-05-20,-0.852746
1020,2012-05-27,-0.779527
1021,2012-06-03,-0.728373
1022,2012-06-10,-0.670621
1023,2012-06-17,-0.59356
1024,2012-06-24,-0.370238
1025,2012-07-01,-0.461894
1026,2012-07-08,-0.316801
1027,2012-07-15,-0.237976
1028,2012-07-22,-0.158163
1029,2012-07-29,0.021428
1030,2012-08-05,-0.273825
1031,2012-08-12,0.004593
1032,2012-08-19,0.240052
1033,2012-08-26,0.284964
1034,2012-09-02,0.177114
1035,2012-09-09,0.1786
1036,2012-09-16,0.096459
1037,2012-09-23,0.120722
1038,2012-09-30,0.259883
1039,2012-10-07,0.188299
1040,2012-10-14,-0.009131
1041,2012-10-21,-0.015924
1042,2012-10-28,-0.164554
1043,2012-11-04,-0.058039
1044,2012-11-11,-0.118283
1045,2012-11-18,-0.290234
1046,2012-11-25,-0.358406
1047,2012-12-02,-0.572585
1048,2012-12-09,-0.585272
1049,2012-12-16,-0.383245
1050,2012-12-23,-0.29689
1051,2012-12-30,-0.563905
1052,2013-01-07,-1.248486
1053,2013-01-13,-1.474712
1054,2013-01-20,-1.350313
1055,2013-01-27,-1.0195
1056,2013-02-04,-1.012459
1057,2013-02-11,-0.746308
1058,2013-02-17,-0.633331
1059,2013-02-24,-0.576858
1060,2013-03-03,-0.780396
1061,2013-03-11,-0.74123
1062,2013-03-18,-0.556588
1063,2013-03-25,-0.384542
1064,2013-04-07,-0.684424
1065,2013-04-14,-0.908204
1066,2013-04-22,-0.804043
1067,2013-04-29,-0.978526
1068,2013-05-06,-0.718666
1069,2013-05-12,-1.088036
1070,2013-05-19,-1.720612
1071,2013-05-27,-1.689627
1072,2013-06-03,-1.191244
1073,2013-06-10,-0.897729
1074,2013-06-16,-0.79657
1075,2013-06-23,-0.723001
1076,2013-06-30,-1.010467
1077,2013-07-08,-0.867448
1078,2013-07-15,-0.637032
1079,2013-07-22,-0.31954
1080,2013-07-28,-0.173183
1081,2013-08-04,-0.639519
1082,2013-08-11,-0.816805
1083,2013-08-19,-0.944511
1084,2013-08-26,-0.824956
1085,2013-09-02,-0.948252
1086,2013-09-15,-1.350881
1087,2013-09-23,-1.278502
1088,2013-09-30,-1.302622
1089,2013-10-07,-1.045809
1090,2013-10-13,-0.867665
1091,2013-10-20,-0.842279
1092,2013-10-27,-0.882067
1093,2013-11-04,-0.483832
1094,2013-11-11,-0.409821
1095,2013-11-18,-0.1545
1096,2013-11-24,-0.120085
1097,2013-12-01,-0.075949
1098,2013-12-08,-0.187573
1099,2013-12-16,-0.437277
1100,2013-12-23,-0.55238
1101,2013-12-29,-0.329755
1102,2014-01-05,-0.433248
1103,2014-01-12,-0.233269
1104,2014-01-20,-0.039242
1105,2014-01-27,0.140882
1106,2014-02-03,-0.040553
1107,2014-02-09,0.126011
1108,2014-02-16,0.172128
1109,2014-02-23,0.209789
1110,2014-03-03,0.365135
1111,2014-03-10,0.524617
1112,2014-03-17,0.520284
1113,2014-03-23,0.495598
1114,2014-03-30,0.368199
1115,2014-04-07,0.643339
1116,2014-04-14,0.418696
1117,2014-04-21,0.207834
1118,2014-04-27,-0.207005
1119,2014-05-04,-0.037164
1120,2014-05-11,-0.171505
1121,2014-05-19,-0.151542
1122,2014-05-26,-0.329888
1123,2014-06-02,-0.177901
1124,2014-06-08,-0.245355
1125,2014-06-15,-0.335548
1126,2014-06-22,-0.583066
1127,2014-06-30,-0.75417
1128,2014-07-07,-1.173025
1129,2014-07-13,-1.15316
1130,2014-07-20,-0.998804
1131,2014-07-27,-0.763984
1132,2014-08-04,-1.170267
1133,2014-08-11,-1.020825
1134,2014-08-18,-0.720878
1135,2014-08-24,-0.657696
1136,2014-08-31,-0.665166
1137,2014-09-07,-0.284927
1138,2014-09-15,-0.030942
1139,2014-09-22,0.049829
1140,2014-09-29,-0.067385
1141,2014-10-05,-0.303162
1142,2014-10-12,-0.424926
1143,2014-10-19,-0.479714
1144,2014-10-27,-0.665873
1145,2014-11-03,-0.332183
1146,2014-11-09,-0.319052
1147,2014-11-16,-0.425609
1148,2014-11-23,-0.482168
1149,2014-12-01,-0.564733
1150,2014-12-08,-0.623721
1151,2014-12-15,-0.598534
1152,2014-12-21,-0.822723
1153,2014-12-28,-1.07958
1154,2015-01-04,-1.407898
1155,2015-01-12,-1.190693
1156,2015-01-19,-0.783679
1157,2015-01-26,-0.110042
1158,2015-02-01,0.12386
1159,2015-02-08,0.374832
1160,2015-02-16,0.429773
1161,2015-02-23,0.342696
1162,2015-03-02,0.217257
1163,2015-03-08,0.215525
1164,2015-03-15,0.239483
1165,2015-03-22,0.389913
1166,2015-03-30,0.335317
1167,2015-04-06,0.89945
1168,2015-04-13,0.706243
1169,2015-04-19,0.425174
1170,2015-04-26,0.079487
1171,2015-05-03,0.491444
1172,2015-05-11,0.487851
1173,2015-05-18,0.066635
1174,2015-05-24,-0.099751
1175,2015-05-31,0.169212
1176,2015-06-07,0.25685
1177,2015-06-15,0.394305
1178,2015-06-22,0.463557
1179,2015-06-29,0.573797
1180,2015-07-05,0.327291
1181,2015-07-12,0.349005
1182,2015-07-19,0.308194
1183,2015-07-27,0.48372
1184,2015-08-03,0.182458
1185,2015-08-10,0.49882
1186,2015-08-16,0.642428
1187,2015-08-23,0.649281
1188,2015-08-31,0.827301
1189,2015-09-07,0.647045
1190,2015-09-14,0.870441
1191,2015-09-20,0.835011
1192,2015-09-27,0.603552
1193,2015-10-04,0.818423
1194,2015-10-12,0.794994
1195,2015-10-19,0.830439
1196,2015-10-26,0.83309
1197,2015-11-01,1.312135
1198,2015-11-08,1.262695
1199,2015-11-15,1.364121
1200,2015-11-23,1.138297
1201,2015-11-30,1.093984
1202,2015-12-06,0.797539
1203,2015-12-13,0.494788
1204,2015-12-20,0.362001
1205,2015-12-28,0.296878
1206,2016-01-03,0.209476
1207,2016-01-10,0.596389
1208,2016-01-17,0.806913
1209,2016-01-24,0.955994
1210,2016-01-31,0.765594
1211,2016-02-07,0.582925
1212,2016-02-14,0.42386
1213,2016-02-21,0.539251
1214,2016-02-28,0.798829
1215,2016-03-06,0.817278
1216,2016-03-13,0.821037
1217,2016-03-20,0.752384
1218,2016-03-27,0.532413
1219,2016-04-03,1.032588
1220,2016-04-10,0.864869
1221,2016-04-17,0.648594
1222,2016-04-24,0.318992
1223,2016-05-01,0.572395
1224,2016-05-08,0.215589
1225,2016-05-15,-0.286345
1226,2016-05-22,-0.856023
1227,2016-05-29,-1.320683
1228,2016-06-05,-1.502035
1229,2016-06-12,-1.535076
1230,2016-06-19,-1.662045
1231,2016-06-26,-1.632289
1232,2016-07-03,-1.685692
1233,2016-07-10,-1.339659
1234,2016-07-17,-1.171157
1235,2016-07-24,-1.215919
1236,2016-07-31,-1.661416
1237,2016-08-07,-1.327618
1238,2016-08-14,-1.118953
1239,2016-08-21,-1.116298
1240,2016-08-28,-1.217196
1241,2016-09-04,-1.616977
1242,2016-09-11,-1.750208
1243,2016-09-18,-1.868378
1244,2016-09-25,-2.030736
1245,2016-10-02,-1.832656
1246,2016-10-09,-1.74352
1247,2016-10-16,-1.80355
1248,2016-10-23,-1.77148
1249,2016-10-30,-1.799238
1250,2016-11-06,-1.523708
1251,2016-11-13,-1.483258
1252,2016-11-20,-1.440942
1253,2016-11-27,-1.560444
1254,2016-12-04,-1.68893
1255,2016-12-11,-1.821198
1256,2016-12-18,-1.826611
1257,2016-12-25,-1.642125
1258,2017-01-01,-1.900911
1259,2017-01-08,-1.922451
1260,2017-01-16,-1.826239
1261,2017-01-23,-1.811478
1262,2017-01-30,-1.653942
1263,2017-02-05,-1.847171
1264,2017-02-12,-1.59435
1265,2017-02-19,-1.277271
1266,2017-02-27,-1.125783
1267,2017-03-06,-1.125216
1268,2017-03-12,-1.069658
1269,2017-03-19,-1.12956
1270,2017-03-26,-1.194911
1271,2017-04-03,-0.848733
1272,2017-04-10,-1.016008
1273,2017-04-17,-1.046629
1274,2017-04-23,-1.046973
1275,2017-04-30,-0.386532
1276,2017-05-07,-0.332918
1277,2017-05-15,-0.432286
1278,2017-05-22,-0.580202
1279,2017-05-29,-0.663427
1280,2017-06-04,-0.58467
1281,2017-06-11,-0.498132
1282,2017-06-19,-0.358521
1283,2017-06-26,-0.204524
1284,2017-07-03,-0.153394
1285,2017-07-09,-0.136372
1286,2017-07-16,-0.153637
1287,2017-07-23,0.05776
1288,2017-07-31,0.219628
1289,2017-08-07,-0.405115
1290,2017-08-14,-0.365734
1291,2017-08-20,-0.301273
1292,2017-08-27,-0.223317
1293,2017-09-03,-0.394517
1294,2017-09-11,-0.806113
1295,2017-09-18,-1.064423
1296,2017-09-24,-0.848728
1297,2017-10-01,-0.724965
1298,2017-10-08,-0.745535
1299,2017-10-16,-0.93983
1300,2017-10-23,-0.927474
1301,2017-10-30,-0.811382
1302,2017-11-05,-0.477966
1303,2017-11-12,-0.549812
1304,2017-11-19,-0.671923
1305,2017-11-27,-0.809541
1306,2017-12-04,-1.186202
1307,2017-12-11,-1.251523
1308,2017-12-17,-1.080979
1309,2017-12-24,-0.762878
1310,2018-01-01,-0.935246
1311,2018-01-08,-0.803643
1312,2018-01-15,-0.728572
1313,2018-01-21,-0.613938
1314,2018-01-28,-0.530058
1315,2018-02-04,-0.900998
1316,2018-02-12,-0.736843
1317,2018-02-19,-0.481131
1318,2018-02-26,-0.39499
1319,2018-03-04,-0.365011
1320,2018-03-11,-0.412392
1321,2018-03-18,-0.549556
1322,2018-03-26,-0.616945
1323,2018-04-02,-0.069708
1324,2018-04-09,-0.018109
1325,2018-04-15,0.01479
1326,2018-04-22,-0.232688
1327,2018-04-30,-0.696362
1328,2018-05-07,-0.265591
1329,2018-05-14,-0.177358
1330,2018-05-20,-0.198496
1331,2018-05-27,-0.175976
1332,2018-06-03,-0.23802
1333,2018-06-11,-0.463769
1334,2018-06-18,-0.263361
1335,2018-06-25,0.054076
1336,2018-07-01,-0.127486
1337,2018-07-08,-0.060064
1338,2018-07-15,0.028831
1339,2018-07-23,0.008184
1340,2018-07-30,-0.088365
1341,2018-08-05,-0.577304
1342,2018-08-12,-0.554594
1343,2018-08-19,-0.431668
1344,2018-08-27,-0.314656
1345,2018-09-03,-0.576646
1346,2018-09-10,-0.348491
1347,2018-09-16,-0.230315
1348,2018-09-23,-0.069339
1349,2018-09-30,0.379336
1350,2018-10-08,0.098937
1351,2018-10-15,-0.115473
1352,2018-10-22,-0.10757
1353,2018-10-28,-0.179138
1354,2018-11-04,0.021262
1355,2018-11-12,-0.086868
1356,2018-11-19,-0.338869
1357,2018-11-26,-0.461108
1358,2018-12-02,-0.215369
1359,2018-12-09,-0.17443
1360,2018-12-16,-0.375881
1361,2018-12-24,-0.472278
1362,2018-12-31,-0.276473
1363,2019-01-07,-0.193536
1364,2019-01-13,0.129847
1365,2019-01-20,0.463293
1366,2019-01-27,0.656288
1367,2019-02-04,0.447378
1368,2019-02-11,0.739722
1369,2019-02-17,0.734511
1370,2019-02-24,0.741183
1371,2019-03-11,0.545197
1372,2019-03-18,0.30371
1373,2019-03-25,0.244973
1374,2019-03-31,0.867888
1375,2019-04-07,1.001
1376,2019-04-14,0.85472
1377,2019-04-22,0.531755
1378,2019-04-29,0.059688
1379,2019-05-06,0.338781
1380,2019-05-12,0.195592
1381,2019-05-19,0.275517
1382,2019-05-27,0.403753
1383,2019-06-03,0.696898
1384,2019-06-10,0.706192
1385,2019-06-16,0.545824
1386,2019-06-23,0.355723
1387,2019-06-30,-0.059731
1388,2019-07-08,0.242856
1389,2019-07-15,0.67203
1390,2019-07-22,0.921219
1391,2019-07-28,1.059976
1392,2019-08-04,0.721152
1393,2019-08-11,0.828571
1394,2019-08-19,0.937367
1395,2019-08-26,1.108433
1396,2019-09-02,0.945893
1397,2019-09-08,1.201043
1398,2019-09-15,1.435042
1399,2019-09-23,1.604483
1400,2019-09-30,1.752543
1401,2019-10-07,2.207565
1402,2019-10-13,2.547487
1403,2019-10-20,2.612371
1404,2019-10-27,2.700042
1405,2019-11-04,3.10019
1406,2019-11-11,2.887909
1407,2019-11-18,2.941713
1408,2019-11-24,3.126549
1409,2019-12-01,3.252146
1410,2019-12-08,3.278621
1411,2019-12-16,3.26798
1412,2019-12-23,2.924769
1413,2019-12-29,2.669397
1414,2020-01-05,2.15194
1415,2020-01-12,2.11311
1416,2020-01-19,2.141708
1417,2020-01-26,2.232064
1418,2020-02-16,1.598895
1419,2020-02-23,1.44096
1420,2020-03-01,1.506889
1421,2020-03-08,1.340008
1422,2020-03-15,1.334041
1423,2020-03-22,1.295453
1424,2020-03-29,1.239247
1425,2020-04-05,1.517013
1426,2020-04-12,1.152627
1427,2020-04-19,0.985062
1428,2020-04-26,0.863376
1429,2020-05-03,1.253901
1430,2020-05-10,0.747318
1431,2020-05-17,0.01974
1432,2020-05-24,-0.686083
1433,2020-05-31,-0.457077
1434,2020-06-07,-0.17349
1435,2020-06-14,0.034725
1436,2020-06-21,0.357317
1437,2020-06-28,0.196977
1438,2020-07-05,-0.166726
1439,2020-07-12,0.053569
1440,2020-07-19,0.181716
1441,2020-07-26,0.173898
1442,2020-08-02,-0.411995
1443,2020-08-09,-0.508963
1444,2020-08-16,-0.549264
1445,2020-08-23,-0.496203
1446,2020-08-30,-0.270039
1447,2020-09-06,-0.503032
1448,2020-09-13,-0.501447
1449,2020-09-20,-0.500651
1450,2020-09-27,-0.203187
1451,2020-10-04,0.091035
1452,2020-10-11,0.135264
1453,2020-10-18,-0.151192
1454,2020-10-25,-0.522648
1455,2020-11-01,-0.388425
1456,2020-11-08,-0.274415
1457,2020-11-15,-0.23639
1458,2020-11-22,-0.423156
1459,2020-11-29,-0.679588
1460,2020-12-06,-0.905017
1461,2020-12-13,-0.970118
1462,2020-12-20,-0.886913
1463,2020-12-27,-0.9829
1464,2021-01-04,-1.360325
1465,2021-01-11,-1.573911
1466,2021-01-17,-1.71398
1467,2021-01-24,-1.738036
1468,2021-01-31,-1.976865
1469,2021-02-08,-1.833442
1470,2021-02-15,-1.565266
1471,2021-02-22,-1.452551
1472,2021-02-28,-1.348311
1473,2021-03-07,-1.092634
1474,2021-03-15,-0.745993
1475,2021-03-22,-0.619652
1476,2021-03-29,-1.01015
1477,2021-04-04,-0.964085
1478,2021-04-11,-1.380319
1479,2021-04-18,-1.465686
1480,2021-04-26,-1.296365
1481,2021-05-03,-0.507067
1482,2021-05-10,-0.352175
1483,2021-05-16,-0.498389
1484,2021-05-23,-0.747385
1485,2021-05-30,-1.14608
1486,2021-06-07,-1.349847
1487,2021-06-14,-1.156641
1488,2021-06-21,-0.833555
1489,2021-06-27,-0.531443
1490,2021-07-04,-0.75541
1491,2021-07-12,-0.980561
1492,2021-07-19,-1.194371
1493,2021-07-26,-1.127638
1494,2021-08-01,-1.324829
1495,2021-08-08,-0.994609
1496,2021-08-15,-0.763419
1497,2021-08-23,-0.761265
1498,2021-08-30,-0.673675
1499,2021-09-06,-0.909104
1500,2021-09-12,-0.793521
1501,2021-09-19,-0.615655
1502,2021-09-26,-0.748079
1503,2021-10-04,-0.615787
1504,2021-10-11,-0.78448
1505,2021-10-17,-1.042426
1506,2021-10-24,-1.376868
1507,2021-10-31,-1.238396
1508,2021-11-08,-1.526177
1509,2021-11-15,-1.60704
1510,2021-11-22,-1.81787
1511,2021-11-28,-2.014702
1512,2021-12-05,-2.03657
1513,2021-12-12,-1.835968
1514,2021-12-20,-1.381445
1515,2021-12-27,-0.809399
1516,2022-01-03,-0.796306
1517,2022-01-09,-0.414838
1518,2022-01-16,-0.151677
1519,2022-01-24,-0.132122
1520,2022-01-31,-0.191861
1521,2022-02-07,-0.677692
1522,2022-02-13,-0.762684
1523,2022-02-20,-0.854932
1524,2022-02-27,-0.667483
1525,2022-03-07,-0.502048
1526,2022-03-14,-0.598671
1527,2022-03-21,-0.869263
1528,2022-03-27,-1.20172
1529,2022-04-03,-0.874485
1530,2022-04-10,-1.026079
1531,2022-04-18,-1.104855
1532,2022-04-25,-1.043407
1533,2022-05-01,-0.458892
1534,2022-05-08,-0.998119
1535,2022-05-15,-1.364044
1536,2022-05-23,-1.454946
1537,2022-05-30,-1.437417
1538,2022-06-06,-1.04548
1539,2022-06-12,-0.941855
1540,2022-06-19,-0.80099
1541,2022-06-26,-0.661863
1542,2022-07-04,-1.060545
1543,2022-07-11,-1.203034
1544,2022-07-18,-1.179541
1545,2022-07-24,-0.96556
1546,2022-07-31,-1.532235
1547,2022-08-07,-1.499475
1548,2022-08-15,-1.47362
1549,2022-08-22,-1.308195
1550,2022-08-28,-1.177406
1551,2022-09-04,-1.704924
1552,2022-09-11,-1.850309
1553,2022-09-19,-1.942393
1554,2022-09-26,-1.916641
1555,2022-10-03,-1.904078
1556,2022-10-09,-2.114899
1557,2022-10-16,-2.258095
1558,2022-10-23,-2.162633
1559,2022-10-31,-1.921608
1560,2022-11-07,-1.446494
1561,2022-11-14,-1.491869
1562,2022-11-20,-1.485598
1563,2022-11-27,-1.686218
1564,2022-12-05,-1.785118
1565,2022-12-12,-1.560894
1566,2022-12-19,-1.788473
1567,2022-12-25,-1.935074
1568,2023-01-01,-2.234066
1569,2023-01-01,-2.185531
1570,2023-01-08,-1.868742
1571,2023-01-16,-1.570308
1572,2023-01-23,-1.501635
1573,2023-01-30,-1.534502
1574,2023-02-05,-2.208253
1575,2023-02-12,-2.108255
1576,2023-02-19,-1.907014
1577,2023-02-27,-1.763402
1578,2023-03-06,-1.388474
1579,2023-03-12,-1.045244
1580,2023-03-19,-0.851317
1581,2023-03-26,-0.818328
1582,2023-04-03,-0.404129
1583,2023-04-10,-0.415581
1584,2023-04-17,-0.228465
1585,2023-04-23,-0.17389
1586,2023-04-30,0.128207
1587,2023-05-07,-0.250472
1588,2023-05-15,-0.672947
1589,2023-05-22,-0.788447
1590,2023-05-29,-0.703438
1591,2023-06-04,-0.416573
1592,2023-06-11,-0.265363
1593,2023-06-19,-0.035357
1594,2023-06-26,-0.003528
1595,2023-07-03,-0.330098
1596,2023-07-09,-0.090922
1597,2023-07-16,0.195651
1598,2023-07-23,0.49699
1599,2023-07-31,0.799705
1600,2023-08-07,0.367854
1601,2023-08-14,0.501178
1602,2023-08-20,0.730916
1603,2023-08-27,0.825112
1604,2023-09-03,0.76627
1605,2023-09-11,0.95118
1606,2023-09-18,1.098599
1607,2023-09-24,1.48621
1608,2023-10-01,2.007958
1609,2023-10-08,2.448833
1610,2023-10-16,2.881014
1611,2023-10-23,3.128271
1612,2023-10-30,3.366126
1613,2023-11-05,3.825805
1614,2023-11-12,4.027924
1615,2023-11-19,4.0028
1616,2023-11-27,3.932393
1617,2023-12-04,3.891392
1618,2023-12-11,3.525441
1619,2023-12-17,2.98688
1620,2023-12-24,2.610296
1621,2024-01-01,2.225473
1622,2024-01-07,2.084017
1623,2024-01-14,1.639218
1624,2024-01-21,1.49571
1625,2024-01-28,1.355151
1626,2024-02-04,1.233176
1627,2024-02-11,1.539968
1628,2024-02-18,1.853471
1629,2024-02-25,2.086941
1630,2024-03-03,1.910975
1631,2024-03-10,1.475474
1632,2024-03-17,1.275356
1633,2024-03-24,1.268264
1634,2024-03-31,1.939102
1635,2024-04-07,1.965248
1636,2024-04-14,1.892959
1637,2024-04-21,1.672423
1638,2024-04-28,1.473836
1639,2024-05-05,1.660361
1640,2024-05-12,1.262469
1641,2024-05-19,0.947368
1642,2024-05-26,0.633452
1643,2024-06-02,0.47848
1644,2024-06-09,0.422872
