,date,pdo
0,1992-10-04,1.410926
1,1992-10-11,1.623371
2,1992-10-18,1.299069
3,1992-10-25,1.086013
4,1992-11-01,1.206177
5,1992-11-08,1.366058
6,1992-11-15,1.135946
7,1992-11-22,1.173357
8,1992-11-29,0.888914
9,1992-12-06,0.581712
10,1992-12-13,0.729297
11,1992-12-20,0.827819
12,1992-12-27,0.637094
13,1993-01-04,0.786945
14,1993-01-11,1.149204
15,1993-01-17,0.721249
16,1993-01-24,0.662587
17,1993-01-31,1.397877
18,1993-02-08,1.53495
19,1993-02-15,1.219964
20,1993-02-22,1.318014
21,1993-02-28,1.203736
22,1993-03-07,1.420749
23,1993-03-15,1.701012
24,1993-03-22,1.218247
25,1993-03-29,1.084067
26,1993-04-04,1.152852
27,1993-04-11,1.095413
28,1993-04-18,1.21427
29,1993-04-26,1.142826
30,1993-05-03,1.0666
31,1993-05-10,1.319846
32,1993-05-16,1.527173
33,1993-05-23,1.441928
34,1993-05-30,1.333385
35,1993-06-07,0.931337
36,1993-06-14,1.138924
37,1993-06-21,1.21013
38,1993-06-27,1.328475
39,1993-07-04,1.28857
40,1993-07-12,1.370893
41,1993-07-19,1.089086
42,1993-07-26,1.141261
43,1993-08-01,1.252578
44,1993-08-08,1.354805
45,1993-08-15,1.152655
46,1993-08-23,1.173461
47,1993-08-30,1.551569
48,1993-09-06,1.458396
49,1993-09-12,1.418856
50,1993-09-19,1.237384
51,1993-09-26,1.055493
52,1993-10-04,1.48084
53,1993-10-11,1.541687
54,1993-10-17,1.636632
55,1993-10-24,1.531484
56,1993-10-31,1.599332
57,1993-11-08,1.433931
58,1993-11-15,1.461315
59,1993-11-22,1.267121
60,1993-11-28,0.818285
61,1993-12-05,0.592978
62,1993-12-12,0.566635
63,1993-12-20,0.912475
64,1993-12-27,1.307611
65,1994-01-03,1.37487
66,1994-01-09,1.156306
67,1994-01-16,1.216865
68,1994-01-24,0.989979
69,1994-01-31,1.047103
70,1994-02-07,0.972625
71,1994-02-13,0.597165
72,1994-02-20,0.654005
73,1994-02-27,1.042376
74,1994-03-07,1.268357
75,1994-03-14,0.839825
76,1994-03-21,0.374315
77,1994-03-27,0.640149
78,1994-04-03,0.836967
79,1994-04-10,0.746666
80,1994-04-18,0.609203
81,1994-04-25,0.378183
82,1994-05-01,0.673803
83,1994-05-08,0.709583
84,1994-05-15,0.606796
85,1994-05-23,0.444619
86,1994-05-30,0.362058
87,1994-06-06,0.314936
88,1994-06-12,0.601912
89,1994-06-19,0.708497
90,1994-06-26,0.539286
91,1994-07-04,0.362977
92,1994-07-11,0.337164
93,1994-07-18,0.444328
94,1994-07-24,0.436126
95,1994-07-31,0.136716
96,1994-08-07,0.314864
97,1994-08-15,0.54091
98,1994-08-22,0.540681
99,1994-08-28,0.493082
100,1994-09-04,0.610608
101,1994-09-11,0.582806
102,1994-09-19,0.704883
103,1994-09-26,0.867512
104,1994-10-03,0.740418
105,1994-10-09,0.624752
106,1994-10-16,0.575977
107,1994-10-23,0.355039
108,1994-10-31,0.488379
109,1994-11-07,0.698939
110,1994-11-14,0.356331
111,1994-11-20,0.118196
112,1994-11-27,0.053713
113,1994-12-05,-0.055028
114,1994-12-12,-0.389363
115,1994-12-19,-0.389684
116,1994-12-25,-0.166703
117,1995-01-01,-0.031001
118,1995-01-08,0.147714
119,1995-01-16,0.200563
120,1995-01-23,0.479558
121,1995-01-30,1.016066
122,1995-02-05,1.459762
123,1995-02-12,1.42611
124,1995-02-19,1.3374
125,1995-02-27,1.224626
126,1995-03-06,1.438867
127,1995-03-12,1.102935
128,1995-03-19,0.687262
129,1995-03-26,0.572698
130,1995-04-03,0.606916
131,1995-04-10,0.450345
132,1995-04-17,0.636028
133,1995-04-23,0.993584
134,1995-04-30,0.995923
135,1995-05-07,0.624156
136,1995-05-15,0.675892
137,1995-05-22,0.609066
138,1995-05-29,0.598892
139,1995-06-04,0.491388
140,1995-06-11,0.377776
141,1995-06-19,0.573642
142,1995-06-26,0.771736
143,1995-07-03,0.502138
144,1995-07-09,0.461734
145,1995-07-16,0.447618
146,1995-07-23,0.475759
147,1995-07-31,0.494948
148,1995-08-07,0.301083
149,1995-08-14,0.337516
150,1995-08-20,0.24268
151,1995-08-27,0.248182
152,1995-09-03,0.366547
153,1995-09-11,0.737816
154,1995-09-18,0.877104
155,1995-09-24,0.567104
156,1995-10-01,0.554893
157,1995-10-08,0.309985
158,1995-10-16,0.163461
159,1995-10-23,0.219517
160,1995-10-30,0.393139
161,1995-11-05,0.58489
162,1995-11-12,0.514386
163,1995-11-19,0.595802
164,1995-11-27,0.562205
165,1995-12-11,0.572391
166,1995-12-17,0.249305
167,1995-12-24,0.405834
168,1996-01-01,0.724683
169,1996-01-07,0.899497
170,1996-01-14,0.829425
171,1996-01-21,0.435079
172,1996-01-28,0.678738
173,1996-02-04,0.967351
174,1996-02-11,0.961809
175,1996-02-18,0.767642
176,1996-02-25,0.723166
177,1996-03-03,1.005502
178,1996-03-10,0.939517
179,1996-03-17,0.714034
180,1996-03-24,0.869132
181,1996-03-31,0.842738
182,1996-04-07,0.717868
183,1996-04-14,0.428192
184,1996-04-21,0.45729
185,1996-04-28,1.129746
186,1996-05-05,1.546058
187,1996-05-12,1.533804
188,1996-05-19,1.286481
189,1996-05-26,1.247066
190,1996-06-02,1.01086
191,1996-06-09,0.81831
192,1996-06-16,0.800444
193,1996-06-23,0.870238
194,1996-06-30,0.844151
195,1996-07-07,0.774973
196,1996-07-14,0.81901
197,1996-07-21,0.865517
198,1996-07-28,0.978331
199,1996-08-04,1.003735
200,1996-08-11,0.842513
201,1996-08-18,0.757249
202,1996-08-25,0.916487
203,1996-09-01,0.931269
204,1996-09-08,0.767133
205,1996-09-15,0.972141
206,1996-09-22,1.133216
207,1996-09-29,1.121262
208,1996-10-06,1.118609
209,1996-10-13,0.890151
210,1996-10-20,0.736966
211,1996-10-27,0.966811
212,1996-11-03,1.250243
213,1996-11-10,1.111978
214,1996-11-17,1.098774
215,1996-11-24,0.765902
216,1996-12-01,0.36499
217,1996-12-08,0.403579
218,1996-12-15,0.872575
219,1996-12-22,1.504621
220,1996-12-29,1.738092
221,1997-01-05,1.536433
222,1997-01-12,1.480467
223,1997-01-20,1.741274
224,1997-01-27,1.795723
225,1997-02-03,1.317319
226,1997-02-09,1.209751
227,1997-02-16,1.190533
228,1997-02-23,1.187726
229,1997-03-03,1.222211
230,1997-03-10,1.001262
231,1997-03-17,1.183804
232,1997-03-23,1.015994
233,1997-03-30,0.986208
234,1997-04-07,1.14991
235,1997-04-14,1.239639
236,1997-04-21,1.327375
237,1997-04-27,1.421815
238,1997-05-04,1.604029
239,1997-05-11,1.778699
240,1997-05-19,1.916716
241,1997-05-26,1.856929
242,1997-06-02,1.419352
243,1997-06-08,1.382264
244,1997-06-15,1.324459
245,1997-06-22,1.284374
246,1997-06-30,1.339968
247,1997-07-07,1.456283
248,1997-07-13,1.576128
249,1997-07-20,1.655764
250,1997-07-27,1.692879
251,1997-08-04,1.729158
252,1997-08-11,1.829704
253,1997-08-18,1.709263
254,1997-08-24,1.671577
255,1997-08-31,1.645627
256,1997-09-07,1.750858
257,1997-09-15,1.779132
258,1997-09-22,1.733119
259,1997-09-29,1.909303
260,1997-10-05,1.869986
261,1997-10-12,2.065873
262,1997-10-19,2.1404
263,1997-10-27,1.688085
264,1997-11-03,1.801052
265,1997-11-09,1.480406
266,1997-11-16,1.03762
267,1997-11-23,0.953305
268,1997-12-01,0.828493
269,1997-12-08,1.03205
270,1997-12-15,1.185713
271,1997-12-21,1.195377
272,1997-12-28,1.462937
273,1998-01-04,1.787941
274,1998-01-12,1.385088
275,1998-01-19,1.253522
276,1998-01-26,1.455582
277,1998-02-01,1.777653
278,1998-02-08,1.782465
279,1998-02-16,1.448565
280,1998-02-23,1.292637
281,1998-03-02,1.506432
282,1998-03-08,1.713051
283,1998-03-15,1.611655
284,1998-03-22,1.274657
285,1998-03-30,0.781668
286,1998-04-06,0.479881
287,1998-04-13,0.425287
288,1998-04-19,0.515265
289,1998-04-26,0.934432
290,1998-05-03,0.790069
291,1998-05-11,0.658175
292,1998-05-18,0.543191
293,1998-05-24,0.518948
294,1998-05-31,0.685431
295,1998-06-07,0.825612
296,1998-06-15,0.683031
297,1998-06-22,0.666248
298,1998-06-29,0.60934
299,1998-07-05,0.437074
300,1998-07-12,0.469655
301,1998-07-19,0.646495
302,1998-07-27,0.62182
303,1998-08-03,0.601806
304,1998-08-10,0.674605
305,1998-08-16,0.43674
306,1998-08-23,0.437244
307,1998-08-31,0.448067
308,1998-09-07,0.424533
309,1998-09-14,0.521507
310,1998-09-20,0.410539
311,1998-09-27,0.412248
312,1998-10-04,0.444701
313,1998-10-12,0.287918
314,1998-10-19,0.212878
315,1998-10-26,0.279786
316,1998-11-01,0.192739
317,1998-11-08,0.106185
318,1998-11-15,-0.110496
319,1998-11-23,-0.609885
320,1998-11-30,-0.709685
321,1998-12-06,-0.695317
322,1998-12-13,-0.324432
323,1998-12-20,0.109239
324,1998-12-28,-0.042321
325,1999-01-04,-0.009552
326,1999-01-11,-0.041843
327,1999-01-17,-0.211574
328,1999-01-24,-0.732139
329,1999-01-31,-1.117847
330,1999-02-08,-1.257653
331,1999-02-15,-1.006895
332,1999-02-22,-1.055625
333,1999-02-28,-0.803697
334,1999-03-07,-0.897816
335,1999-03-15,-1.270568
336,1999-03-22,-1.404003
337,1999-03-29,-1.259568
338,1999-04-04,-1.079494
339,1999-04-11,-1.229641
340,1999-04-18,-1.192296
341,1999-04-26,-1.157225
342,1999-05-03,-1.098301
343,1999-05-10,-1.060612
344,1999-05-16,-0.998442
345,1999-05-23,-1.000126
346,1999-05-30,-0.827323
347,1999-06-07,-1.142824
348,1999-06-14,-1.23171
349,1999-06-21,-1.042062
350,1999-06-27,-0.924151
351,1999-07-04,-1.133837
352,1999-07-12,-1.34066
353,1999-07-19,-1.301614
354,1999-07-26,-1.291721
355,1999-08-01,-1.391802
356,1999-08-08,-1.32929
357,1999-08-15,-1.160252
358,1999-08-23,-1.379137
359,1999-08-30,-1.389303
360,1999-09-06,-1.407645
361,1999-09-12,-1.386782
362,1999-09-19,-1.322612
363,1999-09-26,-1.202965
364,1999-10-04,-1.104509
365,1999-10-11,-1.005498
366,1999-10-17,-1.203054
367,1999-10-24,-1.24794
368,1999-10-31,-1.37358
369,1999-11-08,-1.586483
370,1999-11-15,-1.425276
371,1999-11-22,-1.357507
372,1999-11-28,-1.725554
373,1999-12-05,-2.002933
374,1999-12-12,-1.589155
375,1999-12-20,-1.225677
376,1999-12-27,-1.105312
377,2000-01-02,-1.428265
378,2000-01-09,-1.785663
379,2000-01-16,-1.689867
380,2000-01-23,-1.71839
381,2000-01-30,-1.645633
382,2000-02-06,-1.405233
383,2000-02-13,-1.658356
384,2000-02-20,-1.930119
385,2000-02-27,-2.08195
386,2000-03-05,-1.854633
387,2000-03-12,-1.783379
388,2000-03-19,-1.777375
389,2000-03-26,-1.685445
390,2000-04-02,-1.502343
391,2000-04-09,-1.689536
392,2000-04-16,-1.886353
393,2000-04-23,-2.08183
394,2000-04-30,-1.937542
395,2000-05-07,-1.736677
396,2000-05-14,-1.786111
397,2000-05-21,-1.651145
398,2000-05-28,-1.683602
399,2000-06-04,-1.693156
400,2000-06-11,-1.615502
401,2000-06-18,-1.256046
402,2000-06-25,-1.246447
403,2000-07-02,-1.586571
404,2000-07-09,-1.664808
405,2000-07-16,-1.648266
406,2000-07-23,-1.573388
407,2000-07-30,-1.590699
408,2000-08-06,-1.48468
409,2000-08-13,-1.605512
410,2000-08-20,-1.84729
411,2000-08-27,-1.61437
412,2000-09-03,-1.241052
413,2000-09-10,-1.188614
414,2000-09-17,-1.358972
415,2000-09-24,-1.276485
416,2000-10-01,-1.187227
417,2000-10-08,-1.363029
418,2000-10-15,-1.47833
419,2000-10-22,-1.643937
420,2000-10-29,-1.675811
421,2000-11-05,-1.56661
422,2000-11-12,-1.626587
423,2000-11-19,-1.98609
424,2000-11-26,-1.77281
425,2000-12-03,-1.288128
426,2000-12-10,-1.619856
427,2000-12-17,-1.593215
428,2000-12-24,-1.514696
429,2001-01-01,-1.042331
430,2001-01-08,-0.939381
431,2001-01-15,-1.23967
432,2001-01-21,-1.511607
433,2001-01-28,-1.590978
434,2001-02-04,-1.657867
435,2001-02-12,-1.638941
436,2001-02-19,-1.687405
437,2001-02-26,-1.595507
438,2001-03-04,-1.402843
439,2001-03-11,-1.472446
440,2001-03-18,-1.461515
441,2001-03-26,-1.227276
442,2001-04-02,-1.467243
443,2001-04-09,-1.586955
444,2001-04-15,-1.767652
445,2001-04-22,-1.907089
446,2001-04-30,-1.826836
447,2001-05-07,-1.458214
448,2001-05-14,-1.345467
449,2001-05-20,-1.149964
450,2001-05-27,-1.060737
451,2001-06-03,-1.328892
452,2001-06-11,-1.419665
453,2001-06-18,-1.401712
454,2001-06-25,-1.433568
455,2001-07-01,-1.601787
456,2001-07-08,-1.344477
457,2001-07-15,-1.281757
458,2001-07-23,-1.252747
459,2001-07-30,-1.400311
460,2001-08-05,-1.542681
461,2001-08-12,-1.531266
462,2001-08-19,-1.59149
463,2001-08-27,-1.503191
464,2001-09-03,-1.133948
465,2001-09-10,-0.93252
466,2001-09-16,-1.069114
467,2001-09-23,-1.177575
468,2001-09-30,-1.036389
469,2001-10-08,-1.158048
470,2001-10-15,-1.026123
471,2001-10-22,-1.244193
472,2001-10-28,-1.427368
473,2001-11-04,-1.52162
474,2001-11-12,-1.650118
475,2001-11-19,-1.211455
476,2001-11-26,-1.146904
477,2001-12-02,-1.378627
478,2001-12-09,-1.665824
479,2001-12-16,-1.778415
480,2001-12-24,-1.642784
481,2001-12-31,-0.889744
482,2002-01-07,-0.59517
483,2002-01-13,-0.65784
484,2002-01-20,-1.318993
485,2002-01-27,-1.853807
486,2002-02-04,-1.688012
487,2002-02-11,-1.217755
488,2002-02-17,-0.966693
489,2002-02-24,-1.036117
490,2002-03-03,-0.814727
491,2002-03-11,-1.086096
492,2002-03-18,-1.252211
493,2002-03-25,-0.90851
494,2002-03-31,-0.432587
495,2002-04-07,-0.647819
496,2002-04-14,-0.680994
497,2002-04-22,-0.710389
498,2002-04-29,-0.694735
499,2002-05-06,-0.670076
500,2002-05-12,-0.732417
501,2002-05-19,-0.757684
502,2002-05-27,-0.822585
503,2002-06-03,-0.750651
504,2002-06-10,-0.94014
505,2002-06-16,-0.90068
506,2002-06-23,-0.800636
507,2002-06-30,-0.892523
508,2002-07-08,-0.730194
509,2002-07-15,-0.648549
510,2002-07-22,-0.504023
511,2002-07-28,-0.364954
512,2002-08-04,-0.512636
513,2002-08-11,-0.564451
514,2002-08-19,-0.447268
515,2002-08-26,-0.396891
516,2002-09-02,-0.319785
517,2002-09-08,-0.22239
518,2002-09-15,-0.30275
519,2002-09-23,-0.181063
520,2002-09-30,-0.236443
521,2002-10-07,-0.205704
522,2002-10-13,-0.095563
523,2002-10-20,0.092345
524,2002-10-27,0.09412
525,2002-11-04,-0.173342
526,2002-11-11,-0.334546
527,2002-11-18,0.022801
528,2002-11-24,0.597275
529,2002-12-01,0.967318
530,2002-12-08,0.499191
531,2002-12-16,-0.164449
532,2002-12-23,-0.322281
533,2002-12-29,0.043585
534,2003-01-05,0.598427
535,2003-01-12,0.906849
536,2003-01-20,1.061846
537,2003-01-27,1.118665
538,2003-02-03,1.428515
539,2003-02-09,1.309157
540,2003-02-16,0.721668
541,2003-02-23,0.492348
542,2003-03-03,0.848629
543,2003-03-10,0.515711
544,2003-03-17,0.297578
545,2003-03-23,0.520864
546,2003-03-30,0.680923
547,2003-04-07,0.549146
548,2003-04-14,0.427465
549,2003-04-21,0.332244
550,2003-04-27,0.47281
551,2003-05-04,0.501545
552,2003-05-11,0.366151
553,2003-05-19,0.515475
554,2003-05-26,0.444565
555,2003-06-02,0.553541
556,2003-06-08,0.884437
557,2003-06-15,0.653181
558,2003-06-22,0.498859
559,2003-06-30,0.679976
560,2003-07-07,0.567417
561,2003-07-13,0.560464
562,2003-07-20,0.768154
563,2003-07-27,1.065382
564,2003-08-04,1.069969
565,2003-08-11,1.038975
566,2003-08-18,0.732407
567,2003-08-24,0.819593
568,2003-08-31,0.987243
569,2003-09-07,0.741388
570,2003-09-15,0.773146
571,2003-09-22,0.782984
572,2003-09-29,0.938503
573,2003-10-05,0.950337
574,2003-10-12,0.961926
575,2003-10-19,1.056576
576,2003-10-27,1.382075
577,2003-11-03,1.131427
578,2003-11-09,0.678371
579,2003-11-16,0.603112
580,2003-12-01,0.216701
581,2003-12-08,0.03295
582,2003-12-15,0.245012
583,2003-12-21,0.54138
584,2003-12-28,0.665782
585,2004-01-04,1.002088
586,2004-01-11,1.31395
587,2004-01-18,1.269566
588,2004-01-25,0.858545
589,2004-02-01,0.563967
590,2004-02-08,0.738787
591,2004-02-15,0.947976
592,2004-02-22,0.952043
593,2004-02-29,0.739736
594,2004-03-07,0.746847
595,2004-03-14,0.787562
596,2004-03-21,0.607356
597,2004-03-28,0.411604
598,2004-04-04,0.631677
599,2004-04-11,0.624136
600,2004-04-18,0.407875
601,2004-04-25,0.730738
602,2004-05-02,1.065981
603,2004-05-09,1.115304
604,2004-05-16,0.978604
605,2004-05-23,1.107097
606,2004-05-30,1.163371
607,2004-06-06,0.90007
608,2004-06-13,1.057869
609,2004-06-20,0.914187
610,2004-06-27,0.776483
611,2004-07-04,0.642597
612,2004-07-11,0.783237
613,2004-07-18,0.923742
614,2004-07-25,1.027835
615,2004-08-01,0.807793
616,2004-08-08,0.641689
617,2004-08-15,0.831558
618,2004-08-22,0.899533
619,2004-08-29,1.185782
620,2004-09-05,1.091494
621,2004-09-12,0.636367
622,2004-09-19,0.404263
623,2004-09-26,0.481549
624,2004-10-03,0.706084
625,2004-10-10,0.790748
626,2004-10-17,0.99298
627,2004-10-24,0.661311
628,2004-10-31,0.34669
629,2004-11-07,0.685115
630,2004-11-14,0.605134
631,2004-11-21,0.369273
632,2004-11-28,0.144101
633,2004-12-05,-0.202231
634,2004-12-12,0.002036
635,2004-12-19,0.605348
636,2004-12-26,0.772111
637,2005-01-03,1.060003
638,2005-01-09,1.257057
639,2005-01-16,1.053285
640,2005-01-24,1.094136
641,2005-01-31,0.945338
642,2005-02-07,0.883806
643,2005-02-13,1.018194
644,2005-02-20,0.860705
645,2005-02-27,0.602662
646,2005-03-07,1.063611
647,2005-03-14,1.540107
648,2005-03-21,1.359988
649,2005-03-27,0.786424
650,2005-04-03,0.614428
651,2005-04-10,0.502167
652,2005-04-18,0.776977
653,2005-04-25,1.164269
654,2005-05-01,1.217194
655,2005-05-08,0.89483
656,2005-05-15,0.646036
657,2005-05-23,0.816042
658,2005-05-30,0.770353
659,2005-06-06,0.604193
660,2005-06-12,0.401
661,2005-06-19,0.622435
662,2005-06-26,0.815982
663,2005-07-04,0.683025
664,2005-07-11,0.801449
665,2005-07-18,1.057389
666,2005-07-24,1.086472
667,2005-07-31,0.792413
668,2005-08-07,0.777429
669,2005-08-15,0.850102
670,2005-08-22,1.090534
671,2005-08-28,1.115801
672,2005-09-04,0.826296
673,2005-09-11,0.970833
674,2005-09-19,1.059296
675,2005-10-03,0.469497
676,2005-10-09,0.397486
677,2005-10-16,0.543384
678,2005-10-23,0.575033
679,2005-10-31,0.475085
680,2005-11-07,0.526359
681,2005-11-14,0.857026
682,2005-11-20,0.786126
683,2005-11-27,0.676566
684,2005-12-05,0.596423
685,2005-12-12,0.426045
686,2005-12-19,0.637961
687,2005-12-25,0.789756
688,2006-01-01,0.786381
689,2006-01-08,0.558522
690,2006-01-16,0.471129
691,2006-01-23,0.129698
692,2006-01-30,0.318532
693,2006-02-05,0.558303
694,2006-02-12,0.476827
695,2006-02-19,0.038229
696,2006-02-27,-0.326887
697,2006-03-06,-0.312874
698,2006-03-12,-0.225922
699,2006-03-19,-0.181213
700,2006-03-26,-0.026274
701,2006-04-03,-0.315793
702,2006-04-10,-0.393943
703,2006-04-17,-0.591571
704,2006-04-23,-0.365771
705,2006-04-30,-0.080758
706,2006-05-07,-0.020468
707,2006-05-15,-0.058139
708,2006-05-22,-0.30535
709,2006-05-29,-0.321113
710,2006-06-04,-0.139931
711,2006-06-11,-0.212611
712,2006-06-19,-0.395466
713,2006-06-26,-0.120478
714,2006-07-03,-0.001078
715,2006-07-09,0.013908
716,2006-07-16,-0.013329
717,2006-07-23,0.10425
718,2006-07-31,0.023449
719,2006-08-07,-0.211577
720,2006-08-14,-0.175461
721,2006-08-20,-0.42866
722,2006-08-27,-0.353874
723,2006-09-03,-0.253161
724,2006-09-11,-0.34372
725,2006-09-18,-0.274318
726,2006-09-24,-0.076917
727,2006-10-01,0.209256
728,2006-10-08,0.433239
729,2006-10-16,0.237619
730,2006-10-23,0.015159
731,2006-10-30,0.119797
732,2006-11-19,-0.090224
733,2006-11-27,-0.309098
734,2006-12-04,-0.448081
735,2006-12-11,-0.383012
736,2006-12-17,-0.241102
737,2006-12-24,-0.179945
738,2007-01-01,-0.108124
739,2007-01-08,-0.11557
740,2007-01-15,-0.498883
741,2007-01-21,-0.261293
742,2007-01-28,0.384673
743,2007-02-04,0.526565
744,2007-02-12,-0.082212
745,2007-02-19,-0.699746
746,2007-02-26,-0.978241
747,2007-03-04,-0.385049
748,2007-03-11,0.179585
749,2007-03-18,-0.105578
750,2007-03-26,-0.325429
751,2007-04-02,-0.090358
752,2007-04-09,-0.287829
753,2007-04-15,-0.312825
754,2007-04-22,-0.545195
755,2007-04-30,-0.184726
756,2007-05-07,-0.237651
757,2007-05-14,-0.333732
758,2007-05-20,-0.237686
759,2007-05-27,-0.22513
760,2007-06-03,-0.331195
761,2007-06-11,-0.507427
762,2007-06-18,-0.406278
763,2007-06-25,-0.495758
764,2007-07-01,-0.463226
765,2007-07-08,0.000297
766,2007-07-15,-0.073861
767,2007-07-23,-0.341884
768,2007-07-30,-0.237268
769,2007-08-05,-0.295804
770,2007-08-12,-0.518673
771,2007-08-19,-0.493209
772,2007-08-27,-0.352809
773,2007-09-03,-0.376432
774,2007-09-10,-0.200888
775,2007-09-16,-0.389249
776,2007-09-23,-0.396064
777,2007-09-30,-0.457434
778,2007-10-08,-0.630485
779,2007-10-15,-0.905437
780,2007-10-22,-0.845601
781,2007-10-28,-0.809876
782,2007-11-04,-0.848332
783,2007-11-12,-0.713777
784,2007-11-19,-0.668979
785,2007-11-26,-0.271904
786,2007-12-02,-0.182114
787,2007-12-09,-0.402238
788,2007-12-16,-0.812142
789,2007-12-24,-0.938177
790,2007-12-31,-0.953007
791,2008-01-06,-0.723169
792,2008-01-13,-0.288155
793,2008-01-20,-0.361247
794,2008-01-27,-0.943426
795,2008-02-03,-1.365299
796,2008-02-10,-1.339753
797,2008-02-17,-0.929187
798,2008-02-24,-0.765014
799,2008-03-02,-0.902796
800,2008-03-09,-1.135522
801,2008-03-16,-1.494537
802,2008-03-23,-1.323847
803,2008-03-30,-1.131275
804,2008-04-06,-1.178484
805,2008-04-13,-1.207017
806,2008-04-20,-1.020772
807,2008-04-27,-1.093942
808,2008-05-04,-1.324523
809,2008-05-11,-1.110426
810,2008-05-18,-0.885609
811,2008-05-25,-0.703682
812,2008-06-01,-0.792499
813,2008-06-08,-0.852072
814,2008-06-15,-0.865177
815,2008-06-22,-0.830837
816,2008-06-29,-0.76299
817,2008-07-06,-0.75378
818,2008-07-13,-0.653667
819,2008-07-20,-0.66611
820,2008-07-27,-0.826292
821,2008-08-03,-0.935599
822,2008-08-10,-0.900527
823,2008-08-17,-0.915265
824,2008-08-24,-1.111374
825,2008-08-31,-0.900948
826,2008-09-07,-0.930215
827,2008-09-14,-0.859338
828,2008-09-21,-0.771455
829,2008-09-28,-0.727727
830,2008-10-05,-0.860171
831,2008-10-12,-0.955949
832,2008-10-19,-1.160237
833,2008-10-26,-1.186912
834,2008-11-02,-1.150482
835,2008-11-09,-1.235347
836,2008-11-16,-1.15473
837,2008-11-23,-1.265914
838,2008-11-30,-0.612136
839,2008-12-07,-0.483119
840,2008-12-14,-0.609345
841,2008-12-21,-0.768751
842,2008-12-28,-1.187234
843,2009-01-04,-1.311257
844,2009-01-12,-0.952943
845,2009-01-19,-0.680694
846,2009-01-26,-0.928209
847,2009-02-01,-1.438961
848,2009-02-08,-1.553885
849,2009-02-16,-1.478375
850,2009-02-23,-1.490906
851,2009-03-02,-1.300784
852,2009-03-08,-1.282305
853,2009-03-15,-1.367035
854,2009-03-22,-1.471028
855,2009-03-30,-1.674867
856,2009-04-06,-1.619706
857,2009-04-13,-1.638628
858,2009-04-19,-1.435304
859,2009-04-26,-1.125376
860,2009-05-03,-1.293605
861,2009-05-11,-1.242705
862,2009-05-18,-1.04794
863,2009-05-24,-0.816609
864,2009-05-31,-0.859147
865,2009-06-07,-0.835203
866,2009-06-15,-0.839093
867,2009-06-22,-0.878412
868,2009-06-29,-0.728654
869,2009-07-05,-0.936342
870,2009-07-12,-1.05354
871,2009-07-19,-0.99123
872,2009-07-27,-0.714021
873,2009-08-03,-0.870467
874,2009-08-10,-0.986251
875,2009-08-16,-0.857757
876,2009-08-23,-0.771641
877,2009-08-31,-0.830405
878,2009-09-07,-0.755895
879,2009-09-14,-0.669904
880,2009-09-20,-0.475256
881,2009-09-27,-0.434267
882,2009-10-04,-0.470828
883,2009-10-12,-0.49361
884,2009-10-19,-0.4728
885,2009-10-26,-0.658333
886,2009-11-01,-0.782085
887,2009-11-08,-0.753558
888,2009-11-15,-1.116349
889,2009-11-23,-1.092236
890,2009-11-30,-0.5308
891,2009-12-06,-0.065513
892,2009-12-13,-0.189276
893,2009-12-20,-0.423865
894,2009-12-28,-0.261458
895,2010-01-04,-0.115554
896,2010-01-11,0.147811
897,2010-01-17,-0.024599
898,2010-01-24,0.2079
899,2010-01-31,0.38561
900,2010-02-08,0.056182
901,2010-02-15,-0.103825
902,2010-02-22,0.097032
903,2010-02-28,-0.003146
904,2010-03-07,-0.258198
905,2010-03-15,-0.058236
906,2010-03-22,-0.011957
907,2010-03-29,-0.586243
908,2010-04-04,-0.430609
909,2010-04-11,-0.090047
910,2010-04-18,-0.303859
911,2010-04-26,-0.395209
912,2010-05-03,-0.291549
913,2010-05-10,-0.346051
914,2010-05-16,-0.345695
915,2010-05-23,-0.313758
916,2010-05-30,0.042753
917,2010-06-07,-0.053072
918,2010-06-14,-0.27131
919,2010-06-21,-0.232371
920,2010-06-27,-0.354528
921,2010-07-04,-0.40653
922,2010-07-12,-0.285197
923,2010-07-19,-0.14428
924,2010-07-26,-0.241218
925,2010-08-01,-0.560944
926,2010-08-08,-0.432241
927,2010-08-15,-0.319454
928,2010-08-23,-0.377119
929,2010-08-30,-0.369884
930,2010-09-06,-0.387956
931,2010-09-12,-0.429378
932,2010-09-19,-0.422012
933,2010-09-26,-0.473586
934,2010-10-04,-0.193488
935,2010-10-11,-0.301655
936,2010-10-17,-0.481749
937,2010-10-24,-0.300402
938,2010-10-31,-0.193265
939,2010-11-08,0.124151
940,2010-11-15,0.084395
941,2010-11-22,-0.202136
942,2010-11-28,-0.822021
943,2010-12-05,-0.617129
944,2010-12-12,-0.476464
945,2010-12-20,-0.481526
946,2010-12-27,-0.279565
947,2011-01-03,-0.301048
948,2011-01-09,0.033177
949,2011-01-16,-0.103071
950,2011-01-24,-0.327041
951,2011-01-31,-0.360113
952,2011-02-07,-0.529952
953,2011-02-13,-0.810683
954,2011-02-20,-0.430103
955,2011-02-27,-0.208133
956,2011-03-07,-0.445906
957,2011-03-14,-0.651816
958,2011-03-21,-0.732363
959,2011-03-27,-0.82386
960,2011-04-03,-0.907644
961,2011-04-10,-0.696589
962,2011-04-18,-0.45372
963,2011-04-25,-0.698167
964,2011-05-01,-0.929503
965,2011-05-08,-0.856197
966,2011-05-15,-0.676894
967,2011-05-23,-0.669172
968,2011-05-30,-0.824299
969,2011-06-06,-0.868727
970,2011-06-12,-0.96254
971,2011-06-19,-1.099912
972,2011-06-26,-1.108522
973,2011-07-04,-1.056981
974,2011-07-11,-1.006451
975,2011-07-18,-1.062711
976,2011-07-24,-0.973378
977,2011-07-31,-0.938509
978,2011-08-07,-1.052256
979,2011-08-15,-0.881712
980,2011-08-22,-0.780572
981,2011-08-28,-0.831922
982,2011-09-04,-0.733835
983,2011-09-11,-0.793917
984,2011-09-19,-1.0738
985,2011-09-26,-0.866629
986,2011-10-03,-0.811269
987,2011-10-09,-0.935323
988,2011-10-16,-0.711393
989,2011-10-23,-0.760259
990,2011-10-31,-0.856574
991,2011-11-07,-1.014933
992,2011-11-14,-1.396863
993,2011-11-20,-1.633493
994,2011-11-27,-1.370093
995,2011-12-05,-1.116466
996,2011-12-12,-1.255999
997,2011-12-19,-1.500713
998,2011-12-25,-1.620353
999,2012-01-01,-1.419933
1000,2012-01-08,-1.113169
1001,2012-01-15,-0.803474
1002,2012-01-22,-1.309174
1003,2012-01-29,-1.24973
1004,2012-02-05,-0.798895
1005,2012-02-12,-0.960697
1006,2012-02-19,-1.067451
1007,2012-02-26,-1.367053
1008,2012-03-04,-1.580311
1009,2012-03-11,-1.693193
1010,2012-03-18,-1.678642
1011,2012-03-25,-1.838916
1012,2012-04-01,-1.583636
1013,2012-04-08,-1.318062
1014,2012-04-15,-1.32266
1015,2012-04-22,-1.322923
1016,2012-04-29,-1.443628
1017,2012-05-06,-1.412566
1018,2012-05-13,-1.101685
1019,2012-05-20,-1.309277
1020,2012-05-27,-1.491994
1021,2012-06-03,-1.736534
1022,2012-06-10,-1.735792
1023,2012-06-17,-1.550423
1024,2012-06-24,-1.631101
1025,2012-07-01,-1.905325
1026,2012-07-08,-1.647797
1027,2012-07-15,-1.479532
1028,2012-07-22,-1.528556
1029,2012-07-29,-1.399334
1030,2012-08-05,-1.272577
1031,2012-08-12,-1.350313
1032,2012-08-19,-1.336343
1033,2012-08-26,-1.276114
1034,2012-09-02,-1.462605
1035,2012-09-09,-1.287237
1036,2012-09-16,-1.185841
1037,2012-09-23,-1.190731
1038,2012-09-30,-0.69584
1039,2012-10-07,-0.669997
1040,2012-10-14,-0.851748
1041,2012-10-21,-0.893501
1042,2012-10-28,-1.083161
1043,2012-11-04,-0.902336
1044,2012-11-11,-0.965196
1045,2012-11-18,-1.172126
1046,2012-11-25,-1.100541
1047,2012-12-02,-0.804599
1048,2012-12-09,-0.69245
1049,2012-12-16,-1.547454
1050,2012-12-23,-1.676591
1051,2012-12-30,-1.547506
1052,2013-01-07,-1.581893
1053,2013-01-13,-1.46718
1054,2013-01-20,-1.222852
1055,2013-01-27,-1.176629
1056,2013-02-04,-1.554787
1057,2013-02-11,-1.704269
1058,2013-02-17,-1.885767
1059,2013-02-24,-2.1145
1060,2013-03-03,-1.648211
1061,2013-03-11,-1.19326
1062,2013-03-18,-0.977636
1063,2013-03-25,-1.053242
1064,2013-04-07,-0.970638
1065,2013-04-14,-0.97094
1066,2013-04-22,-0.847716
1067,2013-04-29,-0.773237
1068,2013-05-06,-0.918667
1069,2013-05-12,-1.034712
1070,2013-05-19,-0.911407
1071,2013-05-27,-0.954478
1072,2013-06-03,-1.06979
1073,2013-06-10,-0.83985
1074,2013-06-16,-1.032674
1075,2013-06-23,-0.984568
1076,2013-06-30,-0.836867
1077,2013-07-08,-0.668151
1078,2013-07-15,-0.761883
1079,2013-07-22,-0.605488
1080,2013-07-28,-0.582573
1081,2013-08-04,-0.725146
1082,2013-08-11,-0.708329
1083,2013-08-19,-0.721057
1084,2013-08-26,-0.789004
1085,2013-09-02,-0.637078
1086,2013-09-15,-0.623288
1087,2013-09-23,-0.671343
1088,2013-09-30,-0.633247
1089,2013-10-07,-0.450042
1090,2013-10-13,-0.476887
1091,2013-10-20,-0.350357
1092,2013-10-27,-0.372866
1093,2013-11-04,-0.330568
1094,2013-11-11,-0.344214
1095,2013-11-18,-0.229182
1096,2013-11-24,-0.065285
1097,2013-12-01,-0.237575
1098,2013-12-08,-0.444662
1099,2013-12-16,-0.410312
1100,2013-12-23,-0.525753
1101,2013-12-29,-0.385018
1102,2014-01-05,-0.305807
1103,2014-01-12,-0.303896
1104,2014-01-20,0.165603
1105,2014-01-27,0.633385
1106,2014-02-03,0.436243
1107,2014-02-09,-0.081609
1108,2014-02-16,-0.193457
1109,2014-02-23,0.364489
1110,2014-03-03,0.695185
1111,2014-03-10,0.484638
1112,2014-03-17,0.409859
1113,2014-03-23,0.405528
1114,2014-03-30,0.158836
1115,2014-04-07,0.359031
1116,2014-04-14,0.550374
1117,2014-04-21,0.300602
1118,2014-04-27,0.292105
1119,2014-05-04,0.638334
1120,2014-05-11,0.807619
1121,2014-05-19,0.819444
1122,2014-05-26,0.823684
1123,2014-06-02,0.689673
1124,2014-06-08,0.627959
1125,2014-06-15,0.678883
1126,2014-06-22,0.78254
1127,2014-06-30,0.806853
1128,2014-07-07,0.934616
1129,2014-07-13,0.860102
1130,2014-07-20,0.673171
1131,2014-07-27,0.746923
1132,2014-08-04,0.737526
1133,2014-08-11,0.847286
1134,2014-08-18,1.07607
1135,2014-08-24,1.086583
1136,2014-08-31,1.13891
1137,2014-09-07,1.212188
1138,2014-09-15,1.258058
1139,2014-09-22,1.209389
1140,2014-09-29,1.202168
1141,2014-10-05,1.170067
1142,2014-10-12,1.111308
1143,2014-10-19,1.06652
1144,2014-10-27,1.005089
1145,2014-11-03,1.17742
1146,2014-11-09,1.263768
1147,2014-11-16,1.181776
1148,2014-11-23,1.028801
1149,2014-12-01,1.174694
1150,2014-12-08,1.06585
1151,2014-12-15,1.030517
1152,2014-12-21,1.338824
1153,2014-12-28,1.904503
1154,2015-01-04,1.973781
1155,2015-01-12,1.749291
1156,2015-01-19,1.612742
1157,2015-01-26,1.690465
1158,2015-02-01,1.879644
1159,2015-02-08,2.174425
1160,2015-02-16,2.366457
1161,2015-02-23,2.165607
1162,2015-03-02,2.149867
1163,2015-03-08,2.294463
1164,2015-03-15,2.252482
1165,2015-03-22,2.030411
1166,2015-03-30,1.901556
1167,2015-04-06,1.839073
1168,2015-04-13,1.545437
1169,2015-04-19,1.604724
1170,2015-04-26,1.543595
1171,2015-05-03,1.472868
1172,2015-05-11,1.508154
1173,2015-05-18,1.689223
1174,2015-05-24,1.784837
1175,2015-05-31,1.623052
1176,2015-06-07,1.497088
1177,2015-06-15,1.667304
1178,2015-06-22,1.768237
1179,2015-06-29,2.124198
1180,2015-07-05,1.98025
1181,2015-07-12,1.740343
1182,2015-07-19,1.834418
1183,2015-07-27,1.824019
1184,2015-08-03,1.802218
1185,2015-08-10,1.815286
1186,2015-08-16,1.804172
1187,2015-08-23,2.030547
1188,2015-08-31,1.970559
1189,2015-09-07,1.825242
1190,2015-09-14,2.068425
1191,2015-09-20,1.947998
1192,2015-09-27,2.018266
1193,2015-10-04,2.290856
1194,2015-10-12,2.185191
1195,2015-10-19,2.269746
1196,2015-10-26,2.296183
1197,2015-11-01,2.086832
1198,2015-11-08,1.831551
1199,2015-11-15,1.596089
1200,2015-11-23,1.571816
1201,2015-11-30,1.379444
1202,2015-12-06,1.120952
1203,2015-12-13,1.168738
1204,2015-12-20,1.278928
1205,2015-12-28,1.383703
1206,2016-01-03,1.471126
1207,2016-01-10,1.738868
1208,2016-01-17,1.849509
1209,2016-01-24,1.835065
1210,2016-01-31,1.899811
1211,2016-02-07,1.98759
1212,2016-02-14,2.048763
1213,2016-02-21,2.355639
1214,2016-02-28,2.378648
1215,2016-03-06,2.176278
1216,2016-03-13,1.914352
1217,2016-03-20,2.005234
1218,2016-03-27,2.102799
1219,2016-04-03,2.129448
1220,2016-04-10,1.727606
1221,2016-04-17,1.707314
1222,2016-04-24,1.747117
1223,2016-05-01,1.761981
1224,2016-05-08,1.959813
1225,2016-05-15,1.982175
1226,2016-05-22,1.949177
1227,2016-05-29,1.902426
1228,2016-06-05,1.919287
1229,2016-06-12,1.766591
1230,2016-06-19,1.798247
1231,2016-06-26,1.788369
1232,2016-07-03,1.466869
1233,2016-07-10,1.257059
1234,2016-07-17,1.02076
1235,2016-07-24,1.230359
1236,2016-07-31,1.087541
1237,2016-08-07,1.151214
1238,2016-08-14,1.246031
1239,2016-08-21,1.32506
1240,2016-08-28,1.372066
1241,2016-09-04,1.289093
1242,2016-09-11,1.303391
1243,2016-09-18,1.185291
1244,2016-09-25,1.505969
1245,2016-10-02,1.493228
1246,2016-10-09,1.187455
1247,2016-10-16,1.160182
1248,2016-10-23,1.06011
1249,2016-10-30,1.002905
1250,2016-11-06,0.784415
1251,2016-11-13,0.880435
1252,2016-11-20,0.593856
1253,2016-11-27,0.571525
1254,2016-12-04,1.063489
1255,2016-12-11,1.201534
1256,2016-12-18,0.859335
1257,2016-12-25,0.761188
1258,2017-01-01,1.006547
1259,2017-01-08,0.875457
1260,2017-01-16,0.302711
1261,2017-01-23,-0.018263
1262,2017-01-30,0.691019
1263,2017-02-05,1.065161
1264,2017-02-12,0.694066
1265,2017-02-19,0.664879
1266,2017-02-27,0.675408
1267,2017-03-06,0.771064
1268,2017-03-12,0.805248
1269,2017-03-19,0.648772
1270,2017-03-26,0.313236
1271,2017-04-03,0.492062
1272,2017-04-10,0.597182
1273,2017-04-17,0.733309
1274,2017-04-23,0.641944
1275,2017-04-30,0.50357
1276,2017-05-07,0.333799
1277,2017-05-15,0.266842
1278,2017-05-22,0.301135
1279,2017-05-29,0.58828
1280,2017-06-04,0.330956
1281,2017-06-11,0.442566
1282,2017-06-19,0.473542
1283,2017-06-26,0.503845
1284,2017-07-03,0.322625
1285,2017-07-09,0.329953
1286,2017-07-16,0.30773
1287,2017-07-23,0.396167
1288,2017-07-31,0.54934
1289,2017-08-07,0.607442
1290,2017-08-14,0.464409
1291,2017-08-20,0.364587
1292,2017-08-27,0.316906
1293,2017-09-03,0.326952
1294,2017-09-11,0.282141
1295,2017-09-18,0.601649
1296,2017-09-24,0.509777
1297,2017-10-01,0.601561
1298,2017-10-08,0.621342
1299,2017-10-16,0.145595
1300,2017-10-23,0.123425
1301,2017-10-30,0.543635
1302,2017-11-05,0.520353
1303,2017-11-12,0.12994
1304,2017-11-19,0.169953
1305,2017-11-27,0.20704
1306,2017-12-04,0.397412
1307,2017-12-11,0.606081
1308,2017-12-17,0.539093
1309,2017-12-24,0.337443
1310,2018-01-01,0.104432
1311,2018-01-08,0.022758
1312,2018-01-15,-0.034712
1313,2018-01-21,0.086733
1314,2018-01-28,0.538558
1315,2018-02-04,0.723594
1316,2018-02-12,0.67033
1317,2018-02-19,0.141536
1318,2018-02-26,-0.345069
1319,2018-03-04,-0.374354
1320,2018-03-11,-0.414734
1321,2018-03-18,-0.140515
1322,2018-03-26,0.091076
1323,2018-04-02,0.204785
1324,2018-04-09,-0.287115
1325,2018-04-15,-0.388641
1326,2018-04-22,0.025636
1327,2018-04-30,0.370644
1328,2018-05-07,0.460771
1329,2018-05-14,0.435203
1330,2018-05-20,0.262691
1331,2018-05-27,0.156795
1332,2018-06-03,0.008442
1333,2018-06-11,0.060196
1334,2018-06-18,0.327437
1335,2018-06-25,0.310089
1336,2018-07-01,0.018909
1337,2018-07-08,-0.131613
1338,2018-07-15,-0.127857
1339,2018-07-23,-0.028217
1340,2018-07-30,0.222745
1341,2018-08-05,0.327825
1342,2018-08-12,0.607983
1343,2018-08-19,0.413796
1344,2018-08-27,0.246953
1345,2018-09-03,0.27566
1346,2018-09-10,0.264005
1347,2018-09-16,0.486786
1348,2018-09-23,0.782097
1349,2018-09-30,0.857051
1350,2018-10-08,0.5333
1351,2018-10-15,0.39763
1352,2018-10-22,0.340178
1353,2018-10-28,0.379369
1354,2018-11-04,0.612218
1355,2018-11-12,0.71296
1356,2018-11-19,0.745416
1357,2018-11-26,0.495053
1358,2018-12-02,0.476947
1359,2018-12-09,0.103654
1360,2018-12-16,0.008412
1361,2018-12-24,0.131509
1362,2018-12-31,0.348485
1363,2019-01-07,0.450633
1364,2019-01-13,0.494299
1365,2019-01-20,0.472384
1366,2019-01-27,0.29973
1367,2019-02-04,0.129015
1368,2019-02-11,-0.178686
1369,2019-02-17,-0.400124
1370,2019-02-24,-0.164999
1371,2019-03-11,0.215195
1372,2019-03-18,0.283581
1373,2019-03-25,0.585828
1374,2019-03-31,0.751125
1375,2019-04-07,0.458133
1376,2019-04-14,0.143814
1377,2019-04-22,0.43381
1378,2019-04-29,0.605218
1379,2019-05-06,0.668841
1380,2019-05-12,0.615055
1381,2019-05-19,0.481892
1382,2019-05-27,0.35662
1383,2019-06-03,0.214062
1384,2019-06-10,0.470269
1385,2019-06-16,0.65396
1386,2019-06-23,0.998445
1387,2019-06-30,0.924213
1388,2019-07-08,0.828729
1389,2019-07-15,0.675879
1390,2019-07-22,0.610706
1391,2019-07-28,0.81664
1392,2019-08-04,0.723076
1393,2019-08-11,0.933821
1394,2019-08-19,1.005655
1395,2019-08-26,1.200618
1396,2019-09-02,1.246379
1397,2019-09-08,1.164585
1398,2019-09-15,1.088723
1399,2019-09-23,1.009274
1400,2019-09-30,0.941477
1401,2019-10-07,0.896976
1402,2019-10-13,0.786949
1403,2019-10-20,0.879261
1404,2019-10-27,1.255735
1405,2019-11-04,1.52945
1406,2019-11-11,1.555785
1407,2019-11-18,1.252855
1408,2019-11-24,1.017572
1409,2019-12-01,1.006398
1410,2019-12-08,0.824142
1411,2019-12-16,0.637385
1412,2019-12-23,0.862791
1413,2019-12-29,0.782074
1414,2020-01-05,0.444917
1415,2020-01-12,0.187809
1416,2020-01-19,0.319559
1417,2020-01-26,0.340298
1418,2020-02-16,0.083455
1419,2020-02-23,0.104293
1420,2020-03-01,0.028341
1421,2020-03-08,0.116127
1422,2020-03-15,0.488338
1423,2020-03-22,0.107421
1424,2020-03-29,-0.111821
1425,2020-04-05,0.465866
1426,2020-04-12,0.685498
1427,2020-04-19,0.349247
1428,2020-04-26,0.33863
1429,2020-05-03,0.504393
1430,2020-05-10,0.857608
1431,2020-05-17,1.075995
1432,2020-05-24,1.080187
1433,2020-05-31,0.913791
1434,2020-06-07,0.574441
1435,2020-06-14,0.535203
1436,2020-06-21,0.64782
1437,2020-06-28,0.725002
1438,2020-07-05,0.565808
1439,2020-07-12,0.405865
1440,2020-07-19,0.311908
1441,2020-07-26,0.195279
1442,2020-08-02,-0.062757
1443,2020-08-09,0.067159
1444,2020-08-16,0.324547
1445,2020-08-23,0.468653
1446,2020-08-30,0.499144
1447,2020-09-06,0.628562
1448,2020-09-13,0.721695
1449,2020-09-20,0.511222
1450,2020-09-27,0.477363
1451,2020-10-04,0.820261
1452,2020-10-11,0.937571
1453,2020-10-18,1.135905
1454,2020-10-25,1.293571
1455,2020-11-01,0.995347
1456,2020-11-08,0.696755
1457,2020-11-15,0.312118
1458,2020-11-22,0.344398
1459,2020-11-29,0.476408
1460,2020-12-06,0.779123
1461,2020-12-13,0.768845
1462,2020-12-20,0.395763
1463,2020-12-27,0.074094
1464,2021-01-04,-0.033562
1465,2021-01-11,0.359299
1466,2021-01-17,0.691179
1467,2021-01-24,0.231744
1468,2021-01-31,0.025169
1469,2021-02-08,0.419065
1470,2021-02-15,0.178006
1471,2021-02-22,-0.100809
1472,2021-02-28,-0.286175
1473,2021-03-07,-0.449627
1474,2021-03-15,-0.623668
1475,2021-03-22,-0.359973
1476,2021-03-29,0.179251
1477,2021-04-04,0.443525
1478,2021-04-11,0.436679
1479,2021-04-18,0.358392
1480,2021-04-26,-0.002296
1481,2021-05-03,-0.107339
1482,2021-05-10,0.035968
1483,2021-05-16,0.116276
1484,2021-05-23,0.041532
1485,2021-05-30,0.01742
1486,2021-06-07,-0.229711
1487,2021-06-14,-0.102352
1488,2021-06-21,0.257848
1489,2021-06-27,0.290963
1490,2021-07-04,0.036029
1491,2021-07-12,-0.164802
1492,2021-07-19,-0.277639
1493,2021-07-26,-0.155168
1494,2021-08-01,0.038661
1495,2021-08-08,0.106131
1496,2021-08-15,0.070816
1497,2021-08-23,-0.099179
1498,2021-08-30,-0.212031
1499,2021-09-06,-0.041899
1500,2021-09-12,-0.062426
1501,2021-09-19,-0.351053
1502,2021-09-26,-0.418156
1503,2021-10-04,-0.404289
1504,2021-10-11,-0.608864
1505,2021-10-17,-0.787954
1506,2021-10-24,-0.655205
1507,2021-10-31,-0.356943
1508,2021-11-08,-0.414667
1509,2021-11-15,-0.522912
1510,2021-11-22,-0.415479
1511,2021-11-28,0.113974
1512,2021-12-05,0.069898
1513,2021-12-12,-0.551042
1514,2021-12-20,-0.556213
1515,2021-12-27,-0.630587
1516,2022-01-03,-0.381856
1517,2022-01-09,-0.321353
1518,2022-01-16,-0.085314
1519,2022-01-24,0.05388
1520,2022-01-31,0.175777
1521,2022-02-07,0.135816
1522,2022-02-13,0.061357
1523,2022-02-20,-0.078353
1524,2022-02-27,-0.294976
1525,2022-03-07,-0.020191
1526,2022-03-14,-0.292074
1527,2022-03-21,-0.550832
1528,2022-03-27,-0.444981
1529,2022-04-03,-0.35131
1530,2022-04-10,-0.245411
1531,2022-04-18,-0.6119
1532,2022-04-25,-0.697769
1533,2022-05-01,-0.555732
1534,2022-05-08,-0.13715
1535,2022-05-15,0.070365
1536,2022-05-23,0.00885
1537,2022-05-30,-0.048993
1538,2022-06-06,-0.022011
1539,2022-06-12,0.057629
1540,2022-06-19,0.046896
1541,2022-06-26,0.069462
1542,2022-07-04,-0.194132
1543,2022-07-11,-0.125881
1544,2022-07-18,-0.030692
1545,2022-07-24,0.079369
1546,2022-07-31,-0.008084
1547,2022-08-07,-0.022083
1548,2022-08-15,-0.044665
1549,2022-08-22,-0.128834
1550,2022-08-28,-0.105096
1551,2022-09-04,0.080411
1552,2022-09-11,0.548921
1553,2022-09-19,0.58023
1554,2022-09-26,0.291631
1555,2022-10-03,0.484237
1556,2022-10-09,0.605492
1557,2022-10-16,0.702426
1558,2022-10-23,0.764839
1559,2022-10-31,0.33292
1560,2022-11-07,-0.073742
1561,2022-11-14,-0.058962
1562,2022-11-20,0.251067
1563,2022-11-27,0.138235
1564,2022-12-05,-0.002991
1565,2022-12-12,0.036128
1566,2022-12-19,0.254413
1567,2022-12-25,0.148877
1568,2023-01-01,0.158559
1569,2023-01-01,0.105356
1570,2023-01-08,0.11881
1571,2023-01-16,0.296562
1572,2023-01-23,0.660667
1573,2023-01-30,0.481791
1574,2023-02-05,0.018401
1575,2023-02-12,-0.334597
1576,2023-02-19,-0.00932
1577,2023-02-27,0.129277
1578,2023-03-06,0.168506
1579,2023-03-12,0.237121
1580,2023-03-19,0.025952
1581,2023-03-26,-0.009866
1582,2023-04-03,-0.146264
1583,2023-04-10,-0.364318
1584,2023-04-17,-0.300169
1585,2023-04-23,-0.025323
1586,2023-04-30,0.195729
1587,2023-05-07,0.161039
1588,2023-05-15,0.275428
1589,2023-05-22,0.37568
1590,2023-05-29,0.416952
1591,2023-06-04,0.397219
1592,2023-06-11,0.172138
1593,2023-06-19,-0.120633
1594,2023-06-26,-0.332305
1595,2023-07-03,-0.145762
1596,2023-07-09,0.140449
1597,2023-07-16,0.14409
1598,2023-07-23,0.216501
1599,2023-07-31,0.31405
1600,2023-08-07,0.355647
1601,2023-08-14,0.359975
1602,2023-08-20,0.334356
1603,2023-08-27,0.28884
1604,2023-09-03,0.467197
1605,2023-09-11,0.472786
1606,2023-09-18,0.555396
1607,2023-09-24,0.384552
1608,2023-10-01,0.419278
1609,2023-10-08,0.420404
1610,2023-10-16,0.697248
1611,2023-10-23,1.124271
1612,2023-10-30,0.836391
1613,2023-11-05,0.446215
1614,2023-11-12,0.476295
1615,2023-11-19,0.556644
1616,2023-11-27,0.539872
1617,2023-12-04,0.213297
1618,2023-12-11,0.432811
1619,2023-12-17,0.449636
1620,2023-12-24,0.416906
1621,2024-01-01,0.466213
1622,2024-01-07,0.660766
1623,2024-01-14,0.973435
1624,2024-01-21,1.139967
1625,2024-01-28,1.076518
1626,2024-02-04,0.738733
1627,2024-02-11,1.098575
1628,2024-02-18,1.323898
1629,2024-02-25,0.828997
1630,2024-03-03,0.27858
1631,2024-03-10,0.198557
1632,2024-03-17,0.827303
1633,2024-03-24,0.757327
1634,2024-03-31,0.376825
1635,2024-04-07,-0.024938
1636,2024-04-14,0.650134
1637,2024-04-21,0.569756
1638,2024-04-28,0.201163
1639,2024-05-05,0.249031
1640,2024-05-12,0.655849
1641,2024-05-19,1.000201
1642,2024-05-26,0.693749
1643,2024-06-02,0.47636
1644,2024-06-09,0.529925
